campaign_id,campaign_name,platform,product_category,creative_id,variant,headline,body_copy,cta,metric_date,impressions,clicks,conversions,spend,revenue
CAMP_001,Campaign 1 — Fashion,Instagram,Fashion,CAMP_001_VAR_A,A,Last 48 Hours: Up to 50% Off — Shop Now,Don't miss out. Our biggest sale ends soon. Free shipping on all orders above ₹499.,Shop Now,2024-01-01,315,13,0,152.98,0.0
CAMP_001,Campaign 1 — Fashion,Instagram,Fashion,CAMP_001_VAR_A,A,Last 48 Hours: Up to 50% Off — Shop Now,Don't miss out. Our biggest sale ends soon. Free shipping on all orders above ₹499.,Shop Now,2024-01-02,322,15,0,340.87,0.0
CAMP_001,Campaign 1 — Fashion,Instagram,Fashion,CAMP_001_VAR_A,A,Last 48 Hours: Up to 50% Off — Shop Now,Don't miss out. Our biggest sale ends soon. Free shipping on all orders above ₹499.,Shop Now,2024-01-03,283,11,0,115.83,0.0
CAMP_001,Campaign 1 — Fashion,Instagram,Fashion,CAMP_001_VAR_A,A,Last 48 Hours: Up to 50% Off — Shop Now,Don't miss out. Our biggest sale ends soon. Free shipping on all orders above ₹499.,Shop Now,2024-01-04,363,16,0,370.46,0.0
CAMP_001,Campaign 1 — Fashion,Instagram,Fashion,CAMP_001_VAR_A,A,Last 48 Hours: Up to 50% Off — Shop Now,Don't miss out. Our biggest sale ends soon. Free shipping on all orders above ₹499.,Shop Now,2024-01-05,273,12,0,231.92,0.0
CAMP_001,Campaign 1 — Fashion,Instagram,Fashion,CAMP_001_VAR_A,A,Last 48 Hours: Up to 50% Off — Shop Now,Don't miss out. Our biggest sale ends soon. Free shipping on all orders above ₹499.,Shop Now,2024-01-06,273,10,0,314.71,0.0
CAMP_001,Campaign 1 — Fashion,Instagram,Fashion,CAMP_001_VAR_A,A,Last 48 Hours: Up to 50% Off — Shop Now,Don't miss out. Our biggest sale ends soon. Free shipping on all orders above ₹499.,Shop Now,2024-01-07,304,10,0,194.11,0.0
CAMP_001,Campaign 1 — Fashion,Instagram,Fashion,CAMP_001_VAR_A,A,Last 48 Hours: Up to 50% Off — Shop Now,Don't miss out. Our biggest sale ends soon. Free shipping on all orders above ₹499.,Shop Now,2024-01-08,217,8,0,228.91,0.0
CAMP_001,Campaign 1 — Fashion,Instagram,Fashion,CAMP_001_VAR_A,A,Last 48 Hours: Up to 50% Off — Shop Now,Don't miss out. Our biggest sale ends soon. Free shipping on all orders above ₹499.,Shop Now,2024-01-09,249,10,0,176.92,0.0
CAMP_001,Campaign 1 — Fashion,Instagram,Fashion,CAMP_001_VAR_A,A,Last 48 Hours: Up to 50% Off — Shop Now,Don't miss out. Our biggest sale ends soon. Free shipping on all orders above ₹499.,Shop Now,2024-01-10,253,9,0,82.56,0.0
CAMP_001,Campaign 1 — Fashion,Instagram,Fashion,CAMP_001_VAR_A,A,Last 48 Hours: Up to 50% Off — Shop Now,Don't miss out. Our biggest sale ends soon. Free shipping on all orders above ₹499.,Shop Now,2024-01-11,358,14,0,460.63,0.0
CAMP_001,Campaign 1 — Fashion,Instagram,Fashion,CAMP_001_VAR_A,A,Last 48 Hours: Up to 50% Off — Shop Now,Don't miss out. Our biggest sale ends soon. Free shipping on all orders above ₹499.,Shop Now,2024-01-12,296,10,0,249.73,0.0
CAMP_001,Campaign 1 — Fashion,Instagram,Fashion,CAMP_001_VAR_A,A,Last 48 Hours: Up to 50% Off — Shop Now,Don't miss out. Our biggest sale ends soon. Free shipping on all orders above ₹499.,Shop Now,2024-01-13,269,11,0,145.11,0.0
CAMP_001,Campaign 1 — Fashion,Instagram,Fashion,CAMP_001_VAR_A,A,Last 48 Hours: Up to 50% Off — Shop Now,Don't miss out. Our biggest sale ends soon. Free shipping on all orders above ₹499.,Shop Now,2024-01-14,243,10,0,288.73,0.0
CAMP_001,Campaign 1 — Fashion,Instagram,Fashion,CAMP_001_VAR_A,A,Last 48 Hours: Up to 50% Off — Shop Now,Don't miss out. Our biggest sale ends soon. Free shipping on all orders above ₹499.,Shop Now,2024-01-15,267,10,0,313.95,0.0
CAMP_001,Campaign 1 — Fashion,Instagram,Fashion,CAMP_001_VAR_A,A,Last 48 Hours: Up to 50% Off — Shop Now,Don't miss out. Our biggest sale ends soon. Free shipping on all orders above ₹499.,Shop Now,2024-01-16,267,13,0,396.77,0.0
CAMP_001,Campaign 1 — Fashion,Instagram,Fashion,CAMP_001_VAR_A,A,Last 48 Hours: Up to 50% Off — Shop Now,Don't miss out. Our biggest sale ends soon. Free shipping on all orders above ₹499.,Shop Now,2024-01-17,293,11,0,287.04,0.0
CAMP_001,Campaign 1 — Fashion,Instagram,Fashion,CAMP_001_VAR_A,A,Last 48 Hours: Up to 50% Off — Shop Now,Don't miss out. Our biggest sale ends soon. Free shipping on all orders above ₹499.,Shop Now,2024-01-18,330,12,0,119.13,0.0
CAMP_001,Campaign 1 — Fashion,Instagram,Fashion,CAMP_001_VAR_A,A,Last 48 Hours: Up to 50% Off — Shop Now,Don't miss out. Our biggest sale ends soon. Free shipping on all orders above ₹499.,Shop Now,2024-01-19,303,10,0,146.1,0.0
CAMP_001,Campaign 1 — Fashion,Instagram,Fashion,CAMP_001_VAR_A,A,Last 48 Hours: Up to 50% Off — Shop Now,Don't miss out. Our biggest sale ends soon. Free shipping on all orders above ₹499.,Shop Now,2024-01-20,235,10,0,329.86,0.0
CAMP_001,Campaign 1 — Fashion,Instagram,Fashion,CAMP_001_VAR_A,A,Last 48 Hours: Up to 50% Off — Shop Now,Don't miss out. Our biggest sale ends soon. Free shipping on all orders above ₹499.,Shop Now,2024-01-21,326,13,0,217.82,0.0
CAMP_001,Campaign 1 — Fashion,Instagram,Fashion,CAMP_001_VAR_A,A,Last 48 Hours: Up to 50% Off — Shop Now,Don't miss out. Our biggest sale ends soon. Free shipping on all orders above ₹499.,Shop Now,2024-01-22,288,11,0,332.08,0.0
CAMP_001,Campaign 1 — Fashion,Instagram,Fashion,CAMP_001_VAR_A,A,Last 48 Hours: Up to 50% Off — Shop Now,Don't miss out. Our biggest sale ends soon. Free shipping on all orders above ₹499.,Shop Now,2024-01-23,228,8,0,78.3,0.0
CAMP_001,Campaign 1 — Fashion,Instagram,Fashion,CAMP_001_VAR_A,A,Last 48 Hours: Up to 50% Off — Shop Now,Don't miss out. Our biggest sale ends soon. Free shipping on all orders above ₹499.,Shop Now,2024-01-24,273,12,0,328.6,0.0
CAMP_001,Campaign 1 — Fashion,Instagram,Fashion,CAMP_001_VAR_A,A,Last 48 Hours: Up to 50% Off — Shop Now,Don't miss out. Our biggest sale ends soon. Free shipping on all orders above ₹499.,Shop Now,2024-01-25,309,10,0,318.86,0.0
CAMP_001,Campaign 1 — Fashion,Instagram,Fashion,CAMP_001_VAR_A,A,Last 48 Hours: Up to 50% Off — Shop Now,Don't miss out. Our biggest sale ends soon. Free shipping on all orders above ₹499.,Shop Now,2024-01-26,308,12,0,141.24,0.0
CAMP_001,Campaign 1 — Fashion,Instagram,Fashion,CAMP_001_VAR_A,A,Last 48 Hours: Up to 50% Off — Shop Now,Don't miss out. Our biggest sale ends soon. Free shipping on all orders above ₹499.,Shop Now,2024-01-27,264,11,0,309.86,0.0
CAMP_001,Campaign 1 — Fashion,Instagram,Fashion,CAMP_001_VAR_A,A,Last 48 Hours: Up to 50% Off — Shop Now,Don't miss out. Our biggest sale ends soon. Free shipping on all orders above ₹499.,Shop Now,2024-01-28,339,15,0,266.61,0.0
CAMP_001,Campaign 1 — Fashion,Instagram,Fashion,CAMP_001_VAR_A,A,Last 48 Hours: Up to 50% Off — Shop Now,Don't miss out. Our biggest sale ends soon. Free shipping on all orders above ₹499.,Shop Now,2024-01-29,256,10,0,213.25,0.0
CAMP_001,Campaign 1 — Fashion,Instagram,Fashion,CAMP_001_VAR_A,A,Last 48 Hours: Up to 50% Off — Shop Now,Don't miss out. Our biggest sale ends soon. Free shipping on all orders above ₹499.,Shop Now,2024-01-30,308,14,0,169.77,0.0
CAMP_001,Campaign 1 — Fashion,Instagram,Fashion,CAMP_001_VAR_B,B,Brand Name — Quality You Can Trust,"Discover our latest collection. Premium quality, fair prices.",Learn More,2024-01-01,409,4,0,38.86,0.0
CAMP_001,Campaign 1 — Fashion,Instagram,Fashion,CAMP_001_VAR_B,B,Brand Name — Quality You Can Trust,"Discover our latest collection. Premium quality, fair prices.",Learn More,2024-01-02,368,3,0,66.86,0.0
CAMP_001,Campaign 1 — Fashion,Instagram,Fashion,CAMP_001_VAR_B,B,Brand Name — Quality You Can Trust,"Discover our latest collection. Premium quality, fair prices.",Learn More,2024-01-03,495,6,0,49.86,0.0
CAMP_001,Campaign 1 — Fashion,Instagram,Fashion,CAMP_001_VAR_B,B,Brand Name — Quality You Can Trust,"Discover our latest collection. Premium quality, fair prices.",Learn More,2024-01-04,436,5,0,112.49,0.0
CAMP_001,Campaign 1 — Fashion,Instagram,Fashion,CAMP_001_VAR_B,B,Brand Name — Quality You Can Trust,"Discover our latest collection. Premium quality, fair prices.",Learn More,2024-01-05,465,4,0,44.05,0.0
CAMP_001,Campaign 1 — Fashion,Instagram,Fashion,CAMP_001_VAR_B,B,Brand Name — Quality You Can Trust,"Discover our latest collection. Premium quality, fair prices.",Learn More,2024-01-06,465,5,0,168.77,0.0
CAMP_001,Campaign 1 — Fashion,Instagram,Fashion,CAMP_001_VAR_B,B,Brand Name — Quality You Can Trust,"Discover our latest collection. Premium quality, fair prices.",Learn More,2024-01-07,439,5,0,107.58,0.0
CAMP_001,Campaign 1 — Fashion,Instagram,Fashion,CAMP_001_VAR_B,B,Brand Name — Quality You Can Trust,"Discover our latest collection. Premium quality, fair prices.",Learn More,2024-01-08,267,3,0,94.51,0.0
CAMP_001,Campaign 1 — Fashion,Instagram,Fashion,CAMP_001_VAR_B,B,Brand Name — Quality You Can Trust,"Discover our latest collection. Premium quality, fair prices.",Learn More,2024-01-09,447,4,0,97.77,0.0
CAMP_001,Campaign 1 — Fashion,Instagram,Fashion,CAMP_001_VAR_B,B,Brand Name — Quality You Can Trust,"Discover our latest collection. Premium quality, fair prices.",Learn More,2024-01-10,447,3,0,67.69,0.0
CAMP_001,Campaign 1 — Fashion,Instagram,Fashion,CAMP_001_VAR_B,B,Brand Name — Quality You Can Trust,"Discover our latest collection. Premium quality, fair prices.",Learn More,2024-01-11,426,4,0,32.06,0.0
CAMP_001,Campaign 1 — Fashion,Instagram,Fashion,CAMP_001_VAR_B,B,Brand Name — Quality You Can Trust,"Discover our latest collection. Premium quality, fair prices.",Learn More,2024-01-12,539,5,0,165.43,0.0
CAMP_001,Campaign 1 — Fashion,Instagram,Fashion,CAMP_001_VAR_B,B,Brand Name — Quality You Can Trust,"Discover our latest collection. Premium quality, fair prices.",Learn More,2024-01-13,387,4,0,65.21,0.0
CAMP_001,Campaign 1 — Fashion,Instagram,Fashion,CAMP_001_VAR_B,B,Brand Name — Quality You Can Trust,"Discover our latest collection. Premium quality, fair prices.",Learn More,2024-01-14,502,5,0,167.84,0.0
CAMP_001,Campaign 1 — Fashion,Instagram,Fashion,CAMP_001_VAR_B,B,Brand Name — Quality You Can Trust,"Discover our latest collection. Premium quality, fair prices.",Learn More,2024-01-15,406,4,0,39.47,0.0
CAMP_001,Campaign 1 — Fashion,Instagram,Fashion,CAMP_001_VAR_B,B,Brand Name — Quality You Can Trust,"Discover our latest collection. Premium quality, fair prices.",Learn More,2024-01-16,447,5,0,57.33,0.0
CAMP_001,Campaign 1 — Fashion,Instagram,Fashion,CAMP_001_VAR_B,B,Brand Name — Quality You Can Trust,"Discover our latest collection. Premium quality, fair prices.",Learn More,2024-01-17,394,4,0,60.63,0.0
CAMP_001,Campaign 1 — Fashion,Instagram,Fashion,CAMP_001_VAR_B,B,Brand Name — Quality You Can Trust,"Discover our latest collection. Premium quality, fair prices.",Learn More,2024-01-18,415,3,0,41.16,0.0
CAMP_001,Campaign 1 — Fashion,Instagram,Fashion,CAMP_001_VAR_B,B,Brand Name — Quality You Can Trust,"Discover our latest collection. Premium quality, fair prices.",Learn More,2024-01-19,461,5,0,67.16,0.0
CAMP_001,Campaign 1 — Fashion,Instagram,Fashion,CAMP_001_VAR_B,B,Brand Name — Quality You Can Trust,"Discover our latest collection. Premium quality, fair prices.",Learn More,2024-01-20,441,4,0,102.19,0.0
CAMP_001,Campaign 1 — Fashion,Instagram,Fashion,CAMP_001_VAR_B,B,Brand Name — Quality You Can Trust,"Discover our latest collection. Premium quality, fair prices.",Learn More,2024-01-21,347,3,0,33.8,0.0
CAMP_001,Campaign 1 — Fashion,Instagram,Fashion,CAMP_001_VAR_B,B,Brand Name — Quality You Can Trust,"Discover our latest collection. Premium quality, fair prices.",Learn More,2024-01-22,418,4,0,95.54,0.0
CAMP_001,Campaign 1 — Fashion,Instagram,Fashion,CAMP_001_VAR_B,B,Brand Name — Quality You Can Trust,"Discover our latest collection. Premium quality, fair prices.",Learn More,2024-01-23,430,4,0,39.67,0.0
CAMP_001,Campaign 1 — Fashion,Instagram,Fashion,CAMP_001_VAR_B,B,Brand Name — Quality You Can Trust,"Discover our latest collection. Premium quality, fair prices.",Learn More,2024-01-24,566,6,0,194.68,0.0
CAMP_001,Campaign 1 — Fashion,Instagram,Fashion,CAMP_001_VAR_B,B,Brand Name — Quality You Can Trust,"Discover our latest collection. Premium quality, fair prices.",Learn More,2024-01-25,458,5,0,72.13,0.0
CAMP_001,Campaign 1 — Fashion,Instagram,Fashion,CAMP_001_VAR_B,B,Brand Name — Quality You Can Trust,"Discover our latest collection. Premium quality, fair prices.",Learn More,2024-01-26,314,3,0,34.72,0.0
CAMP_001,Campaign 1 — Fashion,Instagram,Fashion,CAMP_001_VAR_B,B,Brand Name — Quality You Can Trust,"Discover our latest collection. Premium quality, fair prices.",Learn More,2024-01-27,445,6,0,124.57,0.0
CAMP_001,Campaign 1 — Fashion,Instagram,Fashion,CAMP_001_VAR_B,B,Brand Name — Quality You Can Trust,"Discover our latest collection. Premium quality, fair prices.",Learn More,2024-01-28,428,4,0,52.56,0.0
CAMP_001,Campaign 1 — Fashion,Instagram,Fashion,CAMP_001_VAR_B,B,Brand Name — Quality You Can Trust,"Discover our latest collection. Premium quality, fair prices.",Learn More,2024-01-29,439,4,0,77.75,0.0
CAMP_001,Campaign 1 — Fashion,Instagram,Fashion,CAMP_001_VAR_B,B,Brand Name — Quality You Can Trust,"Discover our latest collection. Premium quality, fair prices.",Learn More,2024-01-30,517,6,0,157.09,0.0
CAMP_001,Campaign 1 — Fashion,Instagram,Fashion,CAMP_001_VAR_C,C,"Over 10,000 Happy Customers Can't Be Wrong",Join thousands who've transformed their routine. Rated 4.8/5 stars.,See Reviews,2024-01-01,418,14,0,414.62,0.0
CAMP_001,Campaign 1 — Fashion,Instagram,Fashion,CAMP_001_VAR_C,C,"Over 10,000 Happy Customers Can't Be Wrong",Join thousands who've transformed their routine. Rated 4.8/5 stars.,See Reviews,2024-01-02,452,14,0,314.72,0.0
CAMP_001,Campaign 1 — Fashion,Instagram,Fashion,CAMP_001_VAR_C,C,"Over 10,000 Happy Customers Can't Be Wrong",Join thousands who've transformed their routine. Rated 4.8/5 stars.,See Reviews,2024-01-03,407,18,0,368.84,0.0
CAMP_001,Campaign 1 — Fashion,Instagram,Fashion,CAMP_001_VAR_C,C,"Over 10,000 Happy Customers Can't Be Wrong",Join thousands who've transformed their routine. Rated 4.8/5 stars.,See Reviews,2024-01-04,318,11,0,327.98,0.0
CAMP_001,Campaign 1 — Fashion,Instagram,Fashion,CAMP_001_VAR_C,C,"Over 10,000 Happy Customers Can't Be Wrong",Join thousands who've transformed their routine. Rated 4.8/5 stars.,See Reviews,2024-01-05,379,13,0,332.9,0.0
CAMP_001,Campaign 1 — Fashion,Instagram,Fashion,CAMP_001_VAR_C,C,"Over 10,000 Happy Customers Can't Be Wrong",Join thousands who've transformed their routine. Rated 4.8/5 stars.,See Reviews,2024-01-06,287,10,0,105.18,0.0
CAMP_001,Campaign 1 — Fashion,Instagram,Fashion,CAMP_001_VAR_C,C,"Over 10,000 Happy Customers Can't Be Wrong",Join thousands who've transformed their routine. Rated 4.8/5 stars.,See Reviews,2024-01-07,314,12,0,227.68,0.0
CAMP_001,Campaign 1 — Fashion,Instagram,Fashion,CAMP_001_VAR_C,C,"Over 10,000 Happy Customers Can't Be Wrong",Join thousands who've transformed their routine. Rated 4.8/5 stars.,See Reviews,2024-01-08,322,13,0,420.76,0.0
CAMP_001,Campaign 1 — Fashion,Instagram,Fashion,CAMP_001_VAR_C,C,"Over 10,000 Happy Customers Can't Be Wrong",Join thousands who've transformed their routine. Rated 4.8/5 stars.,See Reviews,2024-01-09,330,11,0,203.96,0.0
CAMP_001,Campaign 1 — Fashion,Instagram,Fashion,CAMP_001_VAR_C,C,"Over 10,000 Happy Customers Can't Be Wrong",Join thousands who've transformed their routine. Rated 4.8/5 stars.,See Reviews,2024-01-10,419,13,0,204.12,0.0
CAMP_001,Campaign 1 — Fashion,Instagram,Fashion,CAMP_001_VAR_C,C,"Over 10,000 Happy Customers Can't Be Wrong",Join thousands who've transformed their routine. Rated 4.8/5 stars.,See Reviews,2024-01-11,386,16,0,466.41,0.0
CAMP_001,Campaign 1 — Fashion,Instagram,Fashion,CAMP_001_VAR_C,C,"Over 10,000 Happy Customers Can't Be Wrong",Join thousands who've transformed their routine. Rated 4.8/5 stars.,See Reviews,2024-01-12,283,10,0,131.27,0.0
CAMP_001,Campaign 1 — Fashion,Instagram,Fashion,CAMP_001_VAR_C,C,"Over 10,000 Happy Customers Can't Be Wrong",Join thousands who've transformed their routine. Rated 4.8/5 stars.,See Reviews,2024-01-13,388,15,0,417.97,0.0
CAMP_001,Campaign 1 — Fashion,Instagram,Fashion,CAMP_001_VAR_C,C,"Over 10,000 Happy Customers Can't Be Wrong",Join thousands who've transformed their routine. Rated 4.8/5 stars.,See Reviews,2024-01-14,304,9,0,84.18,0.0
CAMP_001,Campaign 1 — Fashion,Instagram,Fashion,CAMP_001_VAR_C,C,"Over 10,000 Happy Customers Can't Be Wrong",Join thousands who've transformed their routine. Rated 4.8/5 stars.,See Reviews,2024-01-15,403,15,0,335.11,0.0
CAMP_001,Campaign 1 — Fashion,Instagram,Fashion,CAMP_001_VAR_C,C,"Over 10,000 Happy Customers Can't Be Wrong",Join thousands who've transformed their routine. Rated 4.8/5 stars.,See Reviews,2024-01-16,388,14,0,433.81,0.0
CAMP_001,Campaign 1 — Fashion,Instagram,Fashion,CAMP_001_VAR_C,C,"Over 10,000 Happy Customers Can't Be Wrong",Join thousands who've transformed their routine. Rated 4.8/5 stars.,See Reviews,2024-01-17,335,12,0,375.23,0.0
CAMP_001,Campaign 1 — Fashion,Instagram,Fashion,CAMP_001_VAR_C,C,"Over 10,000 Happy Customers Can't Be Wrong",Join thousands who've transformed their routine. Rated 4.8/5 stars.,See Reviews,2024-01-18,390,13,0,303.96,0.0
CAMP_001,Campaign 1 — Fashion,Instagram,Fashion,CAMP_001_VAR_C,C,"Over 10,000 Happy Customers Can't Be Wrong",Join thousands who've transformed their routine. Rated 4.8/5 stars.,See Reviews,2024-01-19,478,18,0,183.84,0.0
CAMP_001,Campaign 1 — Fashion,Instagram,Fashion,CAMP_001_VAR_C,C,"Over 10,000 Happy Customers Can't Be Wrong",Join thousands who've transformed their routine. Rated 4.8/5 stars.,See Reviews,2024-01-20,307,12,0,198.5,0.0
CAMP_001,Campaign 1 — Fashion,Instagram,Fashion,CAMP_001_VAR_C,C,"Over 10,000 Happy Customers Can't Be Wrong",Join thousands who've transformed their routine. Rated 4.8/5 stars.,See Reviews,2024-01-21,319,12,0,197.8,0.0
CAMP_001,Campaign 1 — Fashion,Instagram,Fashion,CAMP_001_VAR_C,C,"Over 10,000 Happy Customers Can't Be Wrong",Join thousands who've transformed their routine. Rated 4.8/5 stars.,See Reviews,2024-01-22,439,14,0,356.0,0.0
CAMP_001,Campaign 1 — Fashion,Instagram,Fashion,CAMP_001_VAR_C,C,"Over 10,000 Happy Customers Can't Be Wrong",Join thousands who've transformed their routine. Rated 4.8/5 stars.,See Reviews,2024-01-23,428,16,0,532.24,0.0
CAMP_001,Campaign 1 — Fashion,Instagram,Fashion,CAMP_001_VAR_C,C,"Over 10,000 Happy Customers Can't Be Wrong",Join thousands who've transformed their routine. Rated 4.8/5 stars.,See Reviews,2024-01-24,420,18,0,417.61,0.0
CAMP_001,Campaign 1 — Fashion,Instagram,Fashion,CAMP_001_VAR_C,C,"Over 10,000 Happy Customers Can't Be Wrong",Join thousands who've transformed their routine. Rated 4.8/5 stars.,See Reviews,2024-01-25,360,12,0,259.91,0.0
CAMP_001,Campaign 1 — Fashion,Instagram,Fashion,CAMP_001_VAR_C,C,"Over 10,000 Happy Customers Can't Be Wrong",Join thousands who've transformed their routine. Rated 4.8/5 stars.,See Reviews,2024-01-26,324,11,0,108.43,0.0
CAMP_001,Campaign 1 — Fashion,Instagram,Fashion,CAMP_001_VAR_C,C,"Over 10,000 Happy Customers Can't Be Wrong",Join thousands who've transformed their routine. Rated 4.8/5 stars.,See Reviews,2024-01-27,369,14,0,277.63,0.0
CAMP_001,Campaign 1 — Fashion,Instagram,Fashion,CAMP_001_VAR_C,C,"Over 10,000 Happy Customers Can't Be Wrong",Join thousands who've transformed their routine. Rated 4.8/5 stars.,See Reviews,2024-01-28,389,15,0,518.46,0.0
CAMP_001,Campaign 1 — Fashion,Instagram,Fashion,CAMP_001_VAR_C,C,"Over 10,000 Happy Customers Can't Be Wrong",Join thousands who've transformed their routine. Rated 4.8/5 stars.,See Reviews,2024-01-29,374,15,0,390.48,0.0
CAMP_001,Campaign 1 — Fashion,Instagram,Fashion,CAMP_001_VAR_C,C,"Over 10,000 Happy Customers Can't Be Wrong",Join thousands who've transformed their routine. Rated 4.8/5 stars.,See Reviews,2024-01-30,359,16,0,172.75,0.0
CAMP_001,Campaign 1 — Fashion,Instagram,Fashion,CAMP_001_VAR_D,D,Only 3 Left in Stock — Order Before It's Gone,High demand item. Secure yours before stock runs out. Fast delivery guaranteed.,Buy Now,2024-01-01,452,19,0,532.86,0.0
CAMP_001,Campaign 1 — Fashion,Instagram,Fashion,CAMP_001_VAR_D,D,Only 3 Left in Stock — Order Before It's Gone,High demand item. Secure yours before stock runs out. Fast delivery guaranteed.,Buy Now,2024-01-02,346,17,0,232.68,0.0
CAMP_001,Campaign 1 — Fashion,Instagram,Fashion,CAMP_001_VAR_D,D,Only 3 Left in Stock — Order Before It's Gone,High demand item. Secure yours before stock runs out. Fast delivery guaranteed.,Buy Now,2024-01-03,399,20,0,620.57,0.0
CAMP_001,Campaign 1 — Fashion,Instagram,Fashion,CAMP_001_VAR_D,D,Only 3 Left in Stock — Order Before It's Gone,High demand item. Secure yours before stock runs out. Fast delivery guaranteed.,Buy Now,2024-01-04,442,21,0,682.93,0.0
CAMP_001,Campaign 1 — Fashion,Instagram,Fashion,CAMP_001_VAR_D,D,Only 3 Left in Stock — Order Before It's Gone,High demand item. Secure yours before stock runs out. Fast delivery guaranteed.,Buy Now,2024-01-05,360,14,0,425.49,0.0
CAMP_001,Campaign 1 — Fashion,Instagram,Fashion,CAMP_001_VAR_D,D,Only 3 Left in Stock — Order Before It's Gone,High demand item. Secure yours before stock runs out. Fast delivery guaranteed.,Buy Now,2024-01-06,385,20,0,230.64,0.0
CAMP_001,Campaign 1 — Fashion,Instagram,Fashion,CAMP_001_VAR_D,D,Only 3 Left in Stock — Order Before It's Gone,High demand item. Secure yours before stock runs out. Fast delivery guaranteed.,Buy Now,2024-01-07,426,17,1,338.8,626.21
CAMP_001,Campaign 1 — Fashion,Instagram,Fashion,CAMP_001_VAR_D,D,Only 3 Left in Stock — Order Before It's Gone,High demand item. Secure yours before stock runs out. Fast delivery guaranteed.,Buy Now,2024-01-08,424,21,1,231.43,1185.27
CAMP_001,Campaign 1 — Fashion,Instagram,Fashion,CAMP_001_VAR_D,D,Only 3 Left in Stock — Order Before It's Gone,High demand item. Secure yours before stock runs out. Fast delivery guaranteed.,Buy Now,2024-01-09,358,17,0,204.42,0.0
CAMP_001,Campaign 1 — Fashion,Instagram,Fashion,CAMP_001_VAR_D,D,Only 3 Left in Stock — Order Before It's Gone,High demand item. Secure yours before stock runs out. Fast delivery guaranteed.,Buy Now,2024-01-10,416,17,0,389.61,0.0
CAMP_001,Campaign 1 — Fashion,Instagram,Fashion,CAMP_001_VAR_D,D,Only 3 Left in Stock — Order Before It's Gone,High demand item. Secure yours before stock runs out. Fast delivery guaranteed.,Buy Now,2024-01-11,435,22,0,392.6,0.0
CAMP_001,Campaign 1 — Fashion,Instagram,Fashion,CAMP_001_VAR_D,D,Only 3 Left in Stock — Order Before It's Gone,High demand item. Secure yours before stock runs out. Fast delivery guaranteed.,Buy Now,2024-01-12,480,25,1,226.93,1761.07
CAMP_001,Campaign 1 — Fashion,Instagram,Fashion,CAMP_001_VAR_D,D,Only 3 Left in Stock — Order Before It's Gone,High demand item. Secure yours before stock runs out. Fast delivery guaranteed.,Buy Now,2024-01-13,327,14,0,364.1,0.0
CAMP_001,Campaign 1 — Fashion,Instagram,Fashion,CAMP_001_VAR_D,D,Only 3 Left in Stock — Order Before It's Gone,High demand item. Secure yours before stock runs out. Fast delivery guaranteed.,Buy Now,2024-01-14,445,22,0,695.58,0.0
CAMP_001,Campaign 1 — Fashion,Instagram,Fashion,CAMP_001_VAR_D,D,Only 3 Left in Stock — Order Before It's Gone,High demand item. Secure yours before stock runs out. Fast delivery guaranteed.,Buy Now,2024-01-15,445,29,1,956.87,1449.27
CAMP_001,Campaign 1 — Fashion,Instagram,Fashion,CAMP_001_VAR_D,D,Only 3 Left in Stock — Order Before It's Gone,High demand item. Secure yours before stock runs out. Fast delivery guaranteed.,Buy Now,2024-01-16,448,23,0,680.73,0.0
CAMP_001,Campaign 1 — Fashion,Instagram,Fashion,CAMP_001_VAR_D,D,Only 3 Left in Stock — Order Before It's Gone,High demand item. Secure yours before stock runs out. Fast delivery guaranteed.,Buy Now,2024-01-17,472,24,0,308.23,0.0
CAMP_001,Campaign 1 — Fashion,Instagram,Fashion,CAMP_001_VAR_D,D,Only 3 Left in Stock — Order Before It's Gone,High demand item. Secure yours before stock runs out. Fast delivery guaranteed.,Buy Now,2024-01-18,393,20,1,382.33,1495.34
CAMP_001,Campaign 1 — Fashion,Instagram,Fashion,CAMP_001_VAR_D,D,Only 3 Left in Stock — Order Before It's Gone,High demand item. Secure yours before stock runs out. Fast delivery guaranteed.,Buy Now,2024-01-19,365,17,0,249.91,0.0
CAMP_001,Campaign 1 — Fashion,Instagram,Fashion,CAMP_001_VAR_D,D,Only 3 Left in Stock — Order Before It's Gone,High demand item. Secure yours before stock runs out. Fast delivery guaranteed.,Buy Now,2024-01-20,383,18,0,329.92,0.0
CAMP_001,Campaign 1 — Fashion,Instagram,Fashion,CAMP_001_VAR_D,D,Only 3 Left in Stock — Order Before It's Gone,High demand item. Secure yours before stock runs out. Fast delivery guaranteed.,Buy Now,2024-01-21,556,21,0,281.16,0.0
CAMP_001,Campaign 1 — Fashion,Instagram,Fashion,CAMP_001_VAR_D,D,Only 3 Left in Stock — Order Before It's Gone,High demand item. Secure yours before stock runs out. Fast delivery guaranteed.,Buy Now,2024-01-22,455,18,1,542.78,889.52
CAMP_001,Campaign 1 — Fashion,Instagram,Fashion,CAMP_001_VAR_D,D,Only 3 Left in Stock — Order Before It's Gone,High demand item. Secure yours before stock runs out. Fast delivery guaranteed.,Buy Now,2024-01-23,384,20,1,516.42,712.09
CAMP_001,Campaign 1 — Fashion,Instagram,Fashion,CAMP_001_VAR_D,D,Only 3 Left in Stock — Order Before It's Gone,High demand item. Secure yours before stock runs out. Fast delivery guaranteed.,Buy Now,2024-01-24,417,17,0,167.86,0.0
CAMP_001,Campaign 1 — Fashion,Instagram,Fashion,CAMP_001_VAR_D,D,Only 3 Left in Stock — Order Before It's Gone,High demand item. Secure yours before stock runs out. Fast delivery guaranteed.,Buy Now,2024-01-25,368,18,0,391.57,0.0
CAMP_001,Campaign 1 — Fashion,Instagram,Fashion,CAMP_001_VAR_D,D,Only 3 Left in Stock — Order Before It's Gone,High demand item. Secure yours before stock runs out. Fast delivery guaranteed.,Buy Now,2024-01-26,368,18,0,304.94,0.0
CAMP_001,Campaign 1 — Fashion,Instagram,Fashion,CAMP_001_VAR_D,D,Only 3 Left in Stock — Order Before It's Gone,High demand item. Secure yours before stock runs out. Fast delivery guaranteed.,Buy Now,2024-01-27,416,18,0,270.95,0.0
CAMP_001,Campaign 1 — Fashion,Instagram,Fashion,CAMP_001_VAR_D,D,Only 3 Left in Stock — Order Before It's Gone,High demand item. Secure yours before stock runs out. Fast delivery guaranteed.,Buy Now,2024-01-28,546,27,1,243.89,1776.97
CAMP_001,Campaign 1 — Fashion,Instagram,Fashion,CAMP_001_VAR_D,D,Only 3 Left in Stock — Order Before It's Gone,High demand item. Secure yours before stock runs out. Fast delivery guaranteed.,Buy Now,2024-01-29,287,14,0,409.27,0.0
CAMP_001,Campaign 1 — Fashion,Instagram,Fashion,CAMP_001_VAR_D,D,Only 3 Left in Stock — Order Before It's Gone,High demand item. Secure yours before stock runs out. Fast delivery guaranteed.,Buy Now,2024-01-30,372,19,0,211.33,0.0
CAMP_001,Campaign 1 — Fashion,Instagram,Fashion,CAMP_001_VAR_E,E,Get 20% Off Your First Order,New here? Use code FIRST20 at checkout. Limited time offer.,Claim Offer,2024-01-01,417,11,0,88.5,0.0
CAMP_001,Campaign 1 — Fashion,Instagram,Fashion,CAMP_001_VAR_E,E,Get 20% Off Your First Order,New here? Use code FIRST20 at checkout. Limited time offer.,Claim Offer,2024-01-02,510,16,0,438.79,0.0
CAMP_001,Campaign 1 — Fashion,Instagram,Fashion,CAMP_001_VAR_E,E,Get 20% Off Your First Order,New here? Use code FIRST20 at checkout. Limited time offer.,Claim Offer,2024-01-03,388,10,0,178.34,0.0
CAMP_001,Campaign 1 — Fashion,Instagram,Fashion,CAMP_001_VAR_E,E,Get 20% Off Your First Order,New here? Use code FIRST20 at checkout. Limited time offer.,Claim Offer,2024-01-04,440,11,0,186.07,0.0
CAMP_001,Campaign 1 — Fashion,Instagram,Fashion,CAMP_001_VAR_E,E,Get 20% Off Your First Order,New here? Use code FIRST20 at checkout. Limited time offer.,Claim Offer,2024-01-05,599,18,0,493.8,0.0
CAMP_001,Campaign 1 — Fashion,Instagram,Fashion,CAMP_001_VAR_E,E,Get 20% Off Your First Order,New here? Use code FIRST20 at checkout. Limited time offer.,Claim Offer,2024-01-06,384,12,0,228.32,0.0
CAMP_001,Campaign 1 — Fashion,Instagram,Fashion,CAMP_001_VAR_E,E,Get 20% Off Your First Order,New here? Use code FIRST20 at checkout. Limited time offer.,Claim Offer,2024-01-07,625,19,0,217.3,0.0
CAMP_001,Campaign 1 — Fashion,Instagram,Fashion,CAMP_001_VAR_E,E,Get 20% Off Your First Order,New here? Use code FIRST20 at checkout. Limited time offer.,Claim Offer,2024-01-08,366,10,0,262.88,0.0
CAMP_001,Campaign 1 — Fashion,Instagram,Fashion,CAMP_001_VAR_E,E,Get 20% Off Your First Order,New here? Use code FIRST20 at checkout. Limited time offer.,Claim Offer,2024-01-09,564,15,0,241.88,0.0
CAMP_001,Campaign 1 — Fashion,Instagram,Fashion,CAMP_001_VAR_E,E,Get 20% Off Your First Order,New here? Use code FIRST20 at checkout. Limited time offer.,Claim Offer,2024-01-10,505,15,0,236.2,0.0
CAMP_001,Campaign 1 — Fashion,Instagram,Fashion,CAMP_001_VAR_E,E,Get 20% Off Your First Order,New here? Use code FIRST20 at checkout. Limited time offer.,Claim Offer,2024-01-11,408,11,0,282.45,0.0
CAMP_001,Campaign 1 — Fashion,Instagram,Fashion,CAMP_001_VAR_E,E,Get 20% Off Your First Order,New here? Use code FIRST20 at checkout. Limited time offer.,Claim Offer,2024-01-12,243,6,0,82.62,0.0
CAMP_001,Campaign 1 — Fashion,Instagram,Fashion,CAMP_001_VAR_E,E,Get 20% Off Your First Order,New here? Use code FIRST20 at checkout. Limited time offer.,Claim Offer,2024-01-13,456,11,0,324.42,0.0
CAMP_001,Campaign 1 — Fashion,Instagram,Fashion,CAMP_001_VAR_E,E,Get 20% Off Your First Order,New here? Use code FIRST20 at checkout. Limited time offer.,Claim Offer,2024-01-14,590,14,0,306.84,0.0
CAMP_001,Campaign 1 — Fashion,Instagram,Fashion,CAMP_001_VAR_E,E,Get 20% Off Your First Order,New here? Use code FIRST20 at checkout. Limited time offer.,Claim Offer,2024-01-15,442,12,0,361.17,0.0
CAMP_001,Campaign 1 — Fashion,Instagram,Fashion,CAMP_001_VAR_E,E,Get 20% Off Your First Order,New here? Use code FIRST20 at checkout. Limited time offer.,Claim Offer,2024-01-16,576,14,0,196.91,0.0
CAMP_001,Campaign 1 — Fashion,Instagram,Fashion,CAMP_001_VAR_E,E,Get 20% Off Your First Order,New here? Use code FIRST20 at checkout. Limited time offer.,Claim Offer,2024-01-17,557,16,0,233.77,0.0
CAMP_001,Campaign 1 — Fashion,Instagram,Fashion,CAMP_001_VAR_E,E,Get 20% Off Your First Order,New here? Use code FIRST20 at checkout. Limited time offer.,Claim Offer,2024-01-18,404,12,0,119.6,0.0
CAMP_001,Campaign 1 — Fashion,Instagram,Fashion,CAMP_001_VAR_E,E,Get 20% Off Your First Order,New here? Use code FIRST20 at checkout. Limited time offer.,Claim Offer,2024-01-19,488,13,0,172.25,0.0
CAMP_001,Campaign 1 — Fashion,Instagram,Fashion,CAMP_001_VAR_E,E,Get 20% Off Your First Order,New here? Use code FIRST20 at checkout. Limited time offer.,Claim Offer,2024-01-20,479,13,0,189.64,0.0
CAMP_001,Campaign 1 — Fashion,Instagram,Fashion,CAMP_001_VAR_E,E,Get 20% Off Your First Order,New here? Use code FIRST20 at checkout. Limited time offer.,Claim Offer,2024-01-21,482,14,0,395.86,0.0
CAMP_001,Campaign 1 — Fashion,Instagram,Fashion,CAMP_001_VAR_E,E,Get 20% Off Your First Order,New here? Use code FIRST20 at checkout. Limited time offer.,Claim Offer,2024-01-22,587,14,0,272.71,0.0
CAMP_001,Campaign 1 — Fashion,Instagram,Fashion,CAMP_001_VAR_E,E,Get 20% Off Your First Order,New here? Use code FIRST20 at checkout. Limited time offer.,Claim Offer,2024-01-23,626,14,0,307.79,0.0
CAMP_001,Campaign 1 — Fashion,Instagram,Fashion,CAMP_001_VAR_E,E,Get 20% Off Your First Order,New here? Use code FIRST20 at checkout. Limited time offer.,Claim Offer,2024-01-24,463,14,0,432.67,0.0
CAMP_001,Campaign 1 — Fashion,Instagram,Fashion,CAMP_001_VAR_E,E,Get 20% Off Your First Order,New here? Use code FIRST20 at checkout. Limited time offer.,Claim Offer,2024-01-25,494,13,0,338.32,0.0
CAMP_001,Campaign 1 — Fashion,Instagram,Fashion,CAMP_001_VAR_E,E,Get 20% Off Your First Order,New here? Use code FIRST20 at checkout. Limited time offer.,Claim Offer,2024-01-26,459,12,0,403.81,0.0
CAMP_001,Campaign 1 — Fashion,Instagram,Fashion,CAMP_001_VAR_E,E,Get 20% Off Your First Order,New here? Use code FIRST20 at checkout. Limited time offer.,Claim Offer,2024-01-27,432,13,0,356.47,0.0
CAMP_001,Campaign 1 — Fashion,Instagram,Fashion,CAMP_001_VAR_E,E,Get 20% Off Your First Order,New here? Use code FIRST20 at checkout. Limited time offer.,Claim Offer,2024-01-28,499,13,0,296.3,0.0
CAMP_001,Campaign 1 — Fashion,Instagram,Fashion,CAMP_001_VAR_E,E,Get 20% Off Your First Order,New here? Use code FIRST20 at checkout. Limited time offer.,Claim Offer,2024-01-29,538,16,0,333.06,0.0
CAMP_001,Campaign 1 — Fashion,Instagram,Fashion,CAMP_001_VAR_E,E,Get 20% Off Your First Order,New here? Use code FIRST20 at checkout. Limited time offer.,Claim Offer,2024-01-30,532,16,0,403.47,0.0
CAMP_002,Campaign 2 — Health & Wellness,Instagram,Health & Wellness,CAMP_002_VAR_A,A,Last 48 Hours: Up to 50% Off — Shop Now,Don't miss out. Our biggest sale ends soon. Free shipping on all orders above ₹499.,Shop Now,2024-01-01,462,18,0,282.86,0.0
CAMP_002,Campaign 2 — Health & Wellness,Instagram,Health & Wellness,CAMP_002_VAR_A,A,Last 48 Hours: Up to 50% Off — Shop Now,Don't miss out. Our biggest sale ends soon. Free shipping on all orders above ₹499.,Shop Now,2024-01-02,587,26,0,587.19,0.0
CAMP_002,Campaign 2 — Health & Wellness,Instagram,Health & Wellness,CAMP_002_VAR_A,A,Last 48 Hours: Up to 50% Off — Shop Now,Don't miss out. Our biggest sale ends soon. Free shipping on all orders above ₹499.,Shop Now,2024-01-03,526,22,0,588.21,0.0
CAMP_002,Campaign 2 — Health & Wellness,Instagram,Health & Wellness,CAMP_002_VAR_A,A,Last 48 Hours: Up to 50% Off — Shop Now,Don't miss out. Our biggest sale ends soon. Free shipping on all orders above ₹499.,Shop Now,2024-01-04,629,24,1,456.12,489.92
CAMP_002,Campaign 2 — Health & Wellness,Instagram,Health & Wellness,CAMP_002_VAR_A,A,Last 48 Hours: Up to 50% Off — Shop Now,Don't miss out. Our biggest sale ends soon. Free shipping on all orders above ₹499.,Shop Now,2024-01-05,571,23,0,312.44,0.0
CAMP_002,Campaign 2 — Health & Wellness,Instagram,Health & Wellness,CAMP_002_VAR_A,A,Last 48 Hours: Up to 50% Off — Shop Now,Don't miss out. Our biggest sale ends soon. Free shipping on all orders above ₹499.,Shop Now,2024-01-06,510,23,0,546.71,0.0
CAMP_002,Campaign 2 — Health & Wellness,Instagram,Health & Wellness,CAMP_002_VAR_A,A,Last 48 Hours: Up to 50% Off — Shop Now,Don't miss out. Our biggest sale ends soon. Free shipping on all orders above ₹499.,Shop Now,2024-01-07,593,26,1,745.45,1599.42
CAMP_002,Campaign 2 — Health & Wellness,Instagram,Health & Wellness,CAMP_002_VAR_A,A,Last 48 Hours: Up to 50% Off — Shop Now,Don't miss out. Our biggest sale ends soon. Free shipping on all orders above ₹499.,Shop Now,2024-01-08,631,26,0,454.93,0.0
CAMP_002,Campaign 2 — Health & Wellness,Instagram,Health & Wellness,CAMP_002_VAR_A,A,Last 48 Hours: Up to 50% Off — Shop Now,Don't miss out. Our biggest sale ends soon. Free shipping on all orders above ₹499.,Shop Now,2024-01-09,581,23,1,776.08,1594.83
CAMP_002,Campaign 2 — Health & Wellness,Instagram,Health & Wellness,CAMP_002_VAR_A,A,Last 48 Hours: Up to 50% Off — Shop Now,Don't miss out. Our biggest sale ends soon. Free shipping on all orders above ₹499.,Shop Now,2024-01-10,553,22,0,500.4,0.0
CAMP_002,Campaign 2 — Health & Wellness,Instagram,Health & Wellness,CAMP_002_VAR_A,A,Last 48 Hours: Up to 50% Off — Shop Now,Don't miss out. Our biggest sale ends soon. Free shipping on all orders above ₹499.,Shop Now,2024-01-11,535,23,1,320.26,708.75
CAMP_002,Campaign 2 — Health & Wellness,Instagram,Health & Wellness,CAMP_002_VAR_A,A,Last 48 Hours: Up to 50% Off — Shop Now,Don't miss out. Our biggest sale ends soon. Free shipping on all orders above ₹499.,Shop Now,2024-01-12,463,23,0,392.74,0.0
CAMP_002,Campaign 2 — Health & Wellness,Instagram,Health & Wellness,CAMP_002_VAR_A,A,Last 48 Hours: Up to 50% Off — Shop Now,Don't miss out. Our biggest sale ends soon. Free shipping on all orders above ₹499.,Shop Now,2024-01-13,448,16,0,199.3,0.0
CAMP_002,Campaign 2 — Health & Wellness,Instagram,Health & Wellness,CAMP_002_VAR_A,A,Last 48 Hours: Up to 50% Off — Shop Now,Don't miss out. Our biggest sale ends soon. Free shipping on all orders above ₹499.,Shop Now,2024-01-14,619,28,1,694.43,578.68
CAMP_002,Campaign 2 — Health & Wellness,Instagram,Health & Wellness,CAMP_002_VAR_A,A,Last 48 Hours: Up to 50% Off — Shop Now,Don't miss out. Our biggest sale ends soon. Free shipping on all orders above ₹499.,Shop Now,2024-01-15,577,25,0,580.96,0.0
CAMP_002,Campaign 2 — Health & Wellness,Instagram,Health & Wellness,CAMP_002_VAR_A,A,Last 48 Hours: Up to 50% Off — Shop Now,Don't miss out. Our biggest sale ends soon. Free shipping on all orders above ₹499.,Shop Now,2024-01-16,526,20,0,233.28,0.0
CAMP_002,Campaign 2 — Health & Wellness,Instagram,Health & Wellness,CAMP_002_VAR_A,A,Last 48 Hours: Up to 50% Off — Shop Now,Don't miss out. Our biggest sale ends soon. Free shipping on all orders above ₹499.,Shop Now,2024-01-17,533,20,0,364.72,0.0
CAMP_002,Campaign 2 — Health & Wellness,Instagram,Health & Wellness,CAMP_002_VAR_A,A,Last 48 Hours: Up to 50% Off — Shop Now,Don't miss out. Our biggest sale ends soon. Free shipping on all orders above ₹499.,Shop Now,2024-01-18,605,25,0,713.83,0.0
CAMP_002,Campaign 2 — Health & Wellness,Instagram,Health & Wellness,CAMP_002_VAR_A,A,Last 48 Hours: Up to 50% Off — Shop Now,Don't miss out. Our biggest sale ends soon. Free shipping on all orders above ₹499.,Shop Now,2024-01-19,462,18,0,548.32,0.0
CAMP_002,Campaign 2 — Health & Wellness,Instagram,Health & Wellness,CAMP_002_VAR_A,A,Last 48 Hours: Up to 50% Off — Shop Now,Don't miss out. Our biggest sale ends soon. Free shipping on all orders above ₹499.,Shop Now,2024-01-20,560,22,0,187.51,0.0
CAMP_002,Campaign 2 — Health & Wellness,Instagram,Health & Wellness,CAMP_002_VAR_A,A,Last 48 Hours: Up to 50% Off — Shop Now,Don't miss out. Our biggest sale ends soon. Free shipping on all orders above ₹499.,Shop Now,2024-01-21,462,19,0,331.53,0.0
CAMP_002,Campaign 2 — Health & Wellness,Instagram,Health & Wellness,CAMP_002_VAR_A,A,Last 48 Hours: Up to 50% Off — Shop Now,Don't miss out. Our biggest sale ends soon. Free shipping on all orders above ₹499.,Shop Now,2024-01-22,547,21,0,537.54,0.0
CAMP_002,Campaign 2 — Health & Wellness,Instagram,Health & Wellness,CAMP_002_VAR_A,A,Last 48 Hours: Up to 50% Off — Shop Now,Don't miss out. Our biggest sale ends soon. Free shipping on all orders above ₹499.,Shop Now,2024-01-23,490,21,1,281.04,1729.46
CAMP_002,Campaign 2 — Health & Wellness,Instagram,Health & Wellness,CAMP_002_VAR_A,A,Last 48 Hours: Up to 50% Off — Shop Now,Don't miss out. Our biggest sale ends soon. Free shipping on all orders above ₹499.,Shop Now,2024-01-24,413,14,0,159.71,0.0
CAMP_002,Campaign 2 — Health & Wellness,Instagram,Health & Wellness,CAMP_002_VAR_A,A,Last 48 Hours: Up to 50% Off — Shop Now,Don't miss out. Our biggest sale ends soon. Free shipping on all orders above ₹499.,Shop Now,2024-01-25,471,19,0,263.82,0.0
CAMP_002,Campaign 2 — Health & Wellness,Instagram,Health & Wellness,CAMP_002_VAR_A,A,Last 48 Hours: Up to 50% Off — Shop Now,Don't miss out. Our biggest sale ends soon. Free shipping on all orders above ₹499.,Shop Now,2024-01-26,552,26,1,325.79,1473.66
CAMP_002,Campaign 2 — Health & Wellness,Instagram,Health & Wellness,CAMP_002_VAR_A,A,Last 48 Hours: Up to 50% Off — Shop Now,Don't miss out. Our biggest sale ends soon. Free shipping on all orders above ₹499.,Shop Now,2024-01-27,595,24,1,266.22,1447.1
CAMP_002,Campaign 2 — Health & Wellness,Instagram,Health & Wellness,CAMP_002_VAR_A,A,Last 48 Hours: Up to 50% Off — Shop Now,Don't miss out. Our biggest sale ends soon. Free shipping on all orders above ₹499.,Shop Now,2024-01-28,526,19,1,207.45,1750.61
CAMP_002,Campaign 2 — Health & Wellness,Instagram,Health & Wellness,CAMP_002_VAR_A,A,Last 48 Hours: Up to 50% Off — Shop Now,Don't miss out. Our biggest sale ends soon. Free shipping on all orders above ₹499.,Shop Now,2024-01-29,526,21,0,552.06,0.0
CAMP_002,Campaign 2 — Health & Wellness,Instagram,Health & Wellness,CAMP_002_VAR_A,A,Last 48 Hours: Up to 50% Off — Shop Now,Don't miss out. Our biggest sale ends soon. Free shipping on all orders above ₹499.,Shop Now,2024-01-30,553,21,1,573.41,955.32
CAMP_002,Campaign 2 — Health & Wellness,Instagram,Health & Wellness,CAMP_002_VAR_B,B,Brand Name — Quality You Can Trust,"Discover our latest collection. Premium quality, fair prices.",Learn More,2024-01-01,376,4,0,58.23,0.0
CAMP_002,Campaign 2 — Health & Wellness,Instagram,Health & Wellness,CAMP_002_VAR_B,B,Brand Name — Quality You Can Trust,"Discover our latest collection. Premium quality, fair prices.",Learn More,2024-01-02,343,3,0,79.42,0.0
CAMP_002,Campaign 2 — Health & Wellness,Instagram,Health & Wellness,CAMP_002_VAR_B,B,Brand Name — Quality You Can Trust,"Discover our latest collection. Premium quality, fair prices.",Learn More,2024-01-03,385,4,0,93.12,0.0
CAMP_002,Campaign 2 — Health & Wellness,Instagram,Health & Wellness,CAMP_002_VAR_B,B,Brand Name — Quality You Can Trust,"Discover our latest collection. Premium quality, fair prices.",Learn More,2024-01-04,361,3,0,77.58,0.0
CAMP_002,Campaign 2 — Health & Wellness,Instagram,Health & Wellness,CAMP_002_VAR_B,B,Brand Name — Quality You Can Trust,"Discover our latest collection. Premium quality, fair prices.",Learn More,2024-01-05,354,3,0,25.02,0.0
CAMP_002,Campaign 2 — Health & Wellness,Instagram,Health & Wellness,CAMP_002_VAR_B,B,Brand Name — Quality You Can Trust,"Discover our latest collection. Premium quality, fair prices.",Learn More,2024-01-06,350,4,0,78.82,0.0
CAMP_002,Campaign 2 — Health & Wellness,Instagram,Health & Wellness,CAMP_002_VAR_B,B,Brand Name — Quality You Can Trust,"Discover our latest collection. Premium quality, fair prices.",Learn More,2024-01-07,425,5,0,102.06,0.0
CAMP_002,Campaign 2 — Health & Wellness,Instagram,Health & Wellness,CAMP_002_VAR_B,B,Brand Name — Quality You Can Trust,"Discover our latest collection. Premium quality, fair prices.",Learn More,2024-01-08,462,4,0,88.35,0.0
CAMP_002,Campaign 2 — Health & Wellness,Instagram,Health & Wellness,CAMP_002_VAR_B,B,Brand Name — Quality You Can Trust,"Discover our latest collection. Premium quality, fair prices.",Learn More,2024-01-09,395,4,0,131.32,0.0
CAMP_002,Campaign 2 — Health & Wellness,Instagram,Health & Wellness,CAMP_002_VAR_B,B,Brand Name — Quality You Can Trust,"Discover our latest collection. Premium quality, fair prices.",Learn More,2024-01-10,464,4,0,121.18,0.0
CAMP_002,Campaign 2 — Health & Wellness,Instagram,Health & Wellness,CAMP_002_VAR_B,B,Brand Name — Quality You Can Trust,"Discover our latest collection. Premium quality, fair prices.",Learn More,2024-01-11,305,3,0,43.89,0.0
CAMP_002,Campaign 2 — Health & Wellness,Instagram,Health & Wellness,CAMP_002_VAR_B,B,Brand Name — Quality You Can Trust,"Discover our latest collection. Premium quality, fair prices.",Learn More,2024-01-12,238,2,0,40.34,0.0
CAMP_002,Campaign 2 — Health & Wellness,Instagram,Health & Wellness,CAMP_002_VAR_B,B,Brand Name — Quality You Can Trust,"Discover our latest collection. Premium quality, fair prices.",Learn More,2024-01-13,309,3,0,78.12,0.0
CAMP_002,Campaign 2 — Health & Wellness,Instagram,Health & Wellness,CAMP_002_VAR_B,B,Brand Name — Quality You Can Trust,"Discover our latest collection. Premium quality, fair prices.",Learn More,2024-01-14,367,4,0,67.1,0.0
CAMP_002,Campaign 2 — Health & Wellness,Instagram,Health & Wellness,CAMP_002_VAR_B,B,Brand Name — Quality You Can Trust,"Discover our latest collection. Premium quality, fair prices.",Learn More,2024-01-15,399,4,0,59.9,0.0
CAMP_002,Campaign 2 — Health & Wellness,Instagram,Health & Wellness,CAMP_002_VAR_B,B,Brand Name — Quality You Can Trust,"Discover our latest collection. Premium quality, fair prices.",Learn More,2024-01-16,302,3,0,95.29,0.0
CAMP_002,Campaign 2 — Health & Wellness,Instagram,Health & Wellness,CAMP_002_VAR_B,B,Brand Name — Quality You Can Trust,"Discover our latest collection. Premium quality, fair prices.",Learn More,2024-01-17,280,3,0,39.48,0.0
CAMP_002,Campaign 2 — Health & Wellness,Instagram,Health & Wellness,CAMP_002_VAR_B,B,Brand Name — Quality You Can Trust,"Discover our latest collection. Premium quality, fair prices.",Learn More,2024-01-18,411,4,0,91.96,0.0
CAMP_002,Campaign 2 — Health & Wellness,Instagram,Health & Wellness,CAMP_002_VAR_B,B,Brand Name — Quality You Can Trust,"Discover our latest collection. Premium quality, fair prices.",Learn More,2024-01-19,259,3,0,81.66,0.0
CAMP_002,Campaign 2 — Health & Wellness,Instagram,Health & Wellness,CAMP_002_VAR_B,B,Brand Name — Quality You Can Trust,"Discover our latest collection. Premium quality, fair prices.",Learn More,2024-01-20,343,4,0,63.78,0.0
CAMP_002,Campaign 2 — Health & Wellness,Instagram,Health & Wellness,CAMP_002_VAR_B,B,Brand Name — Quality You Can Trust,"Discover our latest collection. Premium quality, fair prices.",Learn More,2024-01-21,266,2,0,51.85,0.0
CAMP_002,Campaign 2 — Health & Wellness,Instagram,Health & Wellness,CAMP_002_VAR_B,B,Brand Name — Quality You Can Trust,"Discover our latest collection. Premium quality, fair prices.",Learn More,2024-01-22,349,3,0,51.84,0.0
CAMP_002,Campaign 2 — Health & Wellness,Instagram,Health & Wellness,CAMP_002_VAR_B,B,Brand Name — Quality You Can Trust,"Discover our latest collection. Premium quality, fair prices.",Learn More,2024-01-23,326,3,0,52.5,0.0
CAMP_002,Campaign 2 — Health & Wellness,Instagram,Health & Wellness,CAMP_002_VAR_B,B,Brand Name — Quality You Can Trust,"Discover our latest collection. Premium quality, fair prices.",Learn More,2024-01-24,293,3,0,42.67,0.0
CAMP_002,Campaign 2 — Health & Wellness,Instagram,Health & Wellness,CAMP_002_VAR_B,B,Brand Name — Quality You Can Trust,"Discover our latest collection. Premium quality, fair prices.",Learn More,2024-01-25,355,4,0,112.23,0.0
CAMP_002,Campaign 2 — Health & Wellness,Instagram,Health & Wellness,CAMP_002_VAR_B,B,Brand Name — Quality You Can Trust,"Discover our latest collection. Premium quality, fair prices.",Learn More,2024-01-26,386,3,0,39.51,0.0
CAMP_002,Campaign 2 — Health & Wellness,Instagram,Health & Wellness,CAMP_002_VAR_B,B,Brand Name — Quality You Can Trust,"Discover our latest collection. Premium quality, fair prices.",Learn More,2024-01-27,269,3,0,71.76,0.0
CAMP_002,Campaign 2 — Health & Wellness,Instagram,Health & Wellness,CAMP_002_VAR_B,B,Brand Name — Quality You Can Trust,"Discover our latest collection. Premium quality, fair prices.",Learn More,2024-01-28,367,3,0,103.42,0.0
CAMP_002,Campaign 2 — Health & Wellness,Instagram,Health & Wellness,CAMP_002_VAR_B,B,Brand Name — Quality You Can Trust,"Discover our latest collection. Premium quality, fair prices.",Learn More,2024-01-29,431,4,0,70.98,0.0
CAMP_002,Campaign 2 — Health & Wellness,Instagram,Health & Wellness,CAMP_002_VAR_B,B,Brand Name — Quality You Can Trust,"Discover our latest collection. Premium quality, fair prices.",Learn More,2024-01-30,411,4,0,45.67,0.0
CAMP_002,Campaign 2 — Health & Wellness,Instagram,Health & Wellness,CAMP_002_VAR_C,C,"Over 10,000 Happy Customers Can't Be Wrong",Join thousands who've transformed their routine. Rated 4.8/5 stars.,See Reviews,2024-01-01,414,18,1,482.94,1174.7
CAMP_002,Campaign 2 — Health & Wellness,Instagram,Health & Wellness,CAMP_002_VAR_C,C,"Over 10,000 Happy Customers Can't Be Wrong",Join thousands who've transformed their routine. Rated 4.8/5 stars.,See Reviews,2024-01-02,304,12,0,255.04,0.0
CAMP_002,Campaign 2 — Health & Wellness,Instagram,Health & Wellness,CAMP_002_VAR_C,C,"Over 10,000 Happy Customers Can't Be Wrong",Join thousands who've transformed their routine. Rated 4.8/5 stars.,See Reviews,2024-01-03,346,14,0,289.43,0.0
CAMP_002,Campaign 2 — Health & Wellness,Instagram,Health & Wellness,CAMP_002_VAR_C,C,"Over 10,000 Happy Customers Can't Be Wrong",Join thousands who've transformed their routine. Rated 4.8/5 stars.,See Reviews,2024-01-04,270,10,0,93.87,0.0
CAMP_002,Campaign 2 — Health & Wellness,Instagram,Health & Wellness,CAMP_002_VAR_C,C,"Over 10,000 Happy Customers Can't Be Wrong",Join thousands who've transformed their routine. Rated 4.8/5 stars.,See Reviews,2024-01-05,366,11,0,332.17,0.0
CAMP_002,Campaign 2 — Health & Wellness,Instagram,Health & Wellness,CAMP_002_VAR_C,C,"Over 10,000 Happy Customers Can't Be Wrong",Join thousands who've transformed their routine. Rated 4.8/5 stars.,See Reviews,2024-01-06,260,7,0,174.97,0.0
CAMP_002,Campaign 2 — Health & Wellness,Instagram,Health & Wellness,CAMP_002_VAR_C,C,"Over 10,000 Happy Customers Can't Be Wrong",Join thousands who've transformed their routine. Rated 4.8/5 stars.,See Reviews,2024-01-07,303,12,0,278.36,0.0
CAMP_002,Campaign 2 — Health & Wellness,Instagram,Health & Wellness,CAMP_002_VAR_C,C,"Over 10,000 Happy Customers Can't Be Wrong",Join thousands who've transformed their routine. Rated 4.8/5 stars.,See Reviews,2024-01-08,387,14,0,156.77,0.0
CAMP_002,Campaign 2 — Health & Wellness,Instagram,Health & Wellness,CAMP_002_VAR_C,C,"Over 10,000 Happy Customers Can't Be Wrong",Join thousands who've transformed their routine. Rated 4.8/5 stars.,See Reviews,2024-01-09,393,12,0,352.2,0.0
CAMP_002,Campaign 2 — Health & Wellness,Instagram,Health & Wellness,CAMP_002_VAR_C,C,"Over 10,000 Happy Customers Can't Be Wrong",Join thousands who've transformed their routine. Rated 4.8/5 stars.,See Reviews,2024-01-10,235,8,0,161.31,0.0
CAMP_002,Campaign 2 — Health & Wellness,Instagram,Health & Wellness,CAMP_002_VAR_C,C,"Over 10,000 Happy Customers Can't Be Wrong",Join thousands who've transformed their routine. Rated 4.8/5 stars.,See Reviews,2024-01-11,334,12,0,416.77,0.0
CAMP_002,Campaign 2 — Health & Wellness,Instagram,Health & Wellness,CAMP_002_VAR_C,C,"Over 10,000 Happy Customers Can't Be Wrong",Join thousands who've transformed their routine. Rated 4.8/5 stars.,See Reviews,2024-01-12,218,7,0,171.22,0.0
CAMP_002,Campaign 2 — Health & Wellness,Instagram,Health & Wellness,CAMP_002_VAR_C,C,"Over 10,000 Happy Customers Can't Be Wrong",Join thousands who've transformed their routine. Rated 4.8/5 stars.,See Reviews,2024-01-13,254,10,0,136.1,0.0
CAMP_002,Campaign 2 — Health & Wellness,Instagram,Health & Wellness,CAMP_002_VAR_C,C,"Over 10,000 Happy Customers Can't Be Wrong",Join thousands who've transformed their routine. Rated 4.8/5 stars.,See Reviews,2024-01-14,333,11,0,134.65,0.0
CAMP_002,Campaign 2 — Health & Wellness,Instagram,Health & Wellness,CAMP_002_VAR_C,C,"Over 10,000 Happy Customers Can't Be Wrong",Join thousands who've transformed their routine. Rated 4.8/5 stars.,See Reviews,2024-01-15,291,9,0,72.65,0.0
CAMP_002,Campaign 2 — Health & Wellness,Instagram,Health & Wellness,CAMP_002_VAR_C,C,"Over 10,000 Happy Customers Can't Be Wrong",Join thousands who've transformed their routine. Rated 4.8/5 stars.,See Reviews,2024-01-16,313,12,0,190.37,0.0
CAMP_002,Campaign 2 — Health & Wellness,Instagram,Health & Wellness,CAMP_002_VAR_C,C,"Over 10,000 Happy Customers Can't Be Wrong",Join thousands who've transformed their routine. Rated 4.8/5 stars.,See Reviews,2024-01-17,269,10,0,269.81,0.0
CAMP_002,Campaign 2 — Health & Wellness,Instagram,Health & Wellness,CAMP_002_VAR_C,C,"Over 10,000 Happy Customers Can't Be Wrong",Join thousands who've transformed their routine. Rated 4.8/5 stars.,See Reviews,2024-01-18,291,9,0,296.51,0.0
CAMP_002,Campaign 2 — Health & Wellness,Instagram,Health & Wellness,CAMP_002_VAR_C,C,"Over 10,000 Happy Customers Can't Be Wrong",Join thousands who've transformed their routine. Rated 4.8/5 stars.,See Reviews,2024-01-19,311,10,0,258.52,0.0
CAMP_002,Campaign 2 — Health & Wellness,Instagram,Health & Wellness,CAMP_002_VAR_C,C,"Over 10,000 Happy Customers Can't Be Wrong",Join thousands who've transformed their routine. Rated 4.8/5 stars.,See Reviews,2024-01-20,290,9,0,204.33,0.0
CAMP_002,Campaign 2 — Health & Wellness,Instagram,Health & Wellness,CAMP_002_VAR_C,C,"Over 10,000 Happy Customers Can't Be Wrong",Join thousands who've transformed their routine. Rated 4.8/5 stars.,See Reviews,2024-01-21,409,15,0,454.79,0.0
CAMP_002,Campaign 2 — Health & Wellness,Instagram,Health & Wellness,CAMP_002_VAR_C,C,"Over 10,000 Happy Customers Can't Be Wrong",Join thousands who've transformed their routine. Rated 4.8/5 stars.,See Reviews,2024-01-22,283,10,0,163.06,0.0
CAMP_002,Campaign 2 — Health & Wellness,Instagram,Health & Wellness,CAMP_002_VAR_C,C,"Over 10,000 Happy Customers Can't Be Wrong",Join thousands who've transformed their routine. Rated 4.8/5 stars.,See Reviews,2024-01-23,311,11,0,173.72,0.0
CAMP_002,Campaign 2 — Health & Wellness,Instagram,Health & Wellness,CAMP_002_VAR_C,C,"Over 10,000 Happy Customers Can't Be Wrong",Join thousands who've transformed their routine. Rated 4.8/5 stars.,See Reviews,2024-01-24,345,13,0,349.61,0.0
CAMP_002,Campaign 2 — Health & Wellness,Instagram,Health & Wellness,CAMP_002_VAR_C,C,"Over 10,000 Happy Customers Can't Be Wrong",Join thousands who've transformed their routine. Rated 4.8/5 stars.,See Reviews,2024-01-25,291,10,0,213.32,0.0
CAMP_002,Campaign 2 — Health & Wellness,Instagram,Health & Wellness,CAMP_002_VAR_C,C,"Over 10,000 Happy Customers Can't Be Wrong",Join thousands who've transformed their routine. Rated 4.8/5 stars.,See Reviews,2024-01-26,303,8,0,157.32,0.0
CAMP_002,Campaign 2 — Health & Wellness,Instagram,Health & Wellness,CAMP_002_VAR_C,C,"Over 10,000 Happy Customers Can't Be Wrong",Join thousands who've transformed their routine. Rated 4.8/5 stars.,See Reviews,2024-01-27,244,10,0,104.66,0.0
CAMP_002,Campaign 2 — Health & Wellness,Instagram,Health & Wellness,CAMP_002_VAR_C,C,"Over 10,000 Happy Customers Can't Be Wrong",Join thousands who've transformed their routine. Rated 4.8/5 stars.,See Reviews,2024-01-28,394,14,0,329.43,0.0
CAMP_002,Campaign 2 — Health & Wellness,Instagram,Health & Wellness,CAMP_002_VAR_C,C,"Over 10,000 Happy Customers Can't Be Wrong",Join thousands who've transformed their routine. Rated 4.8/5 stars.,See Reviews,2024-01-29,343,13,0,339.97,0.0
CAMP_002,Campaign 2 — Health & Wellness,Instagram,Health & Wellness,CAMP_002_VAR_C,C,"Over 10,000 Happy Customers Can't Be Wrong",Join thousands who've transformed their routine. Rated 4.8/5 stars.,See Reviews,2024-01-30,462,19,0,539.97,0.0
CAMP_002,Campaign 2 — Health & Wellness,Instagram,Health & Wellness,CAMP_002_VAR_D,D,Only 3 Left in Stock — Order Before It's Gone,High demand item. Secure yours before stock runs out. Fast delivery guaranteed.,Buy Now,2024-01-01,765,33,1,511.84,1019.12
CAMP_002,Campaign 2 — Health & Wellness,Instagram,Health & Wellness,CAMP_002_VAR_D,D,Only 3 Left in Stock — Order Before It's Gone,High demand item. Secure yours before stock runs out. Fast delivery guaranteed.,Buy Now,2024-01-02,592,28,1,839.57,1010.24
CAMP_002,Campaign 2 — Health & Wellness,Instagram,Health & Wellness,CAMP_002_VAR_D,D,Only 3 Left in Stock — Order Before It's Gone,High demand item. Secure yours before stock runs out. Fast delivery guaranteed.,Buy Now,2024-01-03,692,28,1,532.71,1058.01
CAMP_002,Campaign 2 — Health & Wellness,Instagram,Health & Wellness,CAMP_002_VAR_D,D,Only 3 Left in Stock — Order Before It's Gone,High demand item. Secure yours before stock runs out. Fast delivery guaranteed.,Buy Now,2024-01-04,704,30,0,370.27,0.0
CAMP_002,Campaign 2 — Health & Wellness,Instagram,Health & Wellness,CAMP_002_VAR_D,D,Only 3 Left in Stock — Order Before It's Gone,High demand item. Secure yours before stock runs out. Fast delivery guaranteed.,Buy Now,2024-01-05,978,51,1,1320.38,1093.66
CAMP_002,Campaign 2 — Health & Wellness,Instagram,Health & Wellness,CAMP_002_VAR_D,D,Only 3 Left in Stock — Order Before It's Gone,High demand item. Secure yours before stock runs out. Fast delivery guaranteed.,Buy Now,2024-01-06,779,42,1,377.61,1464.7
CAMP_002,Campaign 2 — Health & Wellness,Instagram,Health & Wellness,CAMP_002_VAR_D,D,Only 3 Left in Stock — Order Before It's Gone,High demand item. Secure yours before stock runs out. Fast delivery guaranteed.,Buy Now,2024-01-07,789,34,0,378.42,0.0
CAMP_002,Campaign 2 — Health & Wellness,Instagram,Health & Wellness,CAMP_002_VAR_D,D,Only 3 Left in Stock — Order Before It's Gone,High demand item. Secure yours before stock runs out. Fast delivery guaranteed.,Buy Now,2024-01-08,958,48,2,1453.11,3221.75
CAMP_002,Campaign 2 — Health & Wellness,Instagram,Health & Wellness,CAMP_002_VAR_D,D,Only 3 Left in Stock — Order Before It's Gone,High demand item. Secure yours before stock runs out. Fast delivery guaranteed.,Buy Now,2024-01-09,659,31,0,634.67,0.0
CAMP_002,Campaign 2 — Health & Wellness,Instagram,Health & Wellness,CAMP_002_VAR_D,D,Only 3 Left in Stock — Order Before It's Gone,High demand item. Secure yours before stock runs out. Fast delivery guaranteed.,Buy Now,2024-01-10,678,28,0,694.71,0.0
CAMP_002,Campaign 2 — Health & Wellness,Instagram,Health & Wellness,CAMP_002_VAR_D,D,Only 3 Left in Stock — Order Before It's Gone,High demand item. Secure yours before stock runs out. Fast delivery guaranteed.,Buy Now,2024-01-11,889,50,1,469.68,1018.86
CAMP_002,Campaign 2 — Health & Wellness,Instagram,Health & Wellness,CAMP_002_VAR_D,D,Only 3 Left in Stock — Order Before It's Gone,High demand item. Secure yours before stock runs out. Fast delivery guaranteed.,Buy Now,2024-01-12,616,31,0,489.08,0.0
CAMP_002,Campaign 2 — Health & Wellness,Instagram,Health & Wellness,CAMP_002_VAR_D,D,Only 3 Left in Stock — Order Before It's Gone,High demand item. Secure yours before stock runs out. Fast delivery guaranteed.,Buy Now,2024-01-13,704,32,1,280.94,1078.6
CAMP_002,Campaign 2 — Health & Wellness,Instagram,Health & Wellness,CAMP_002_VAR_D,D,Only 3 Left in Stock — Order Before It's Gone,High demand item. Secure yours before stock runs out. Fast delivery guaranteed.,Buy Now,2024-01-14,711,31,1,842.09,1519.04
CAMP_002,Campaign 2 — Health & Wellness,Instagram,Health & Wellness,CAMP_002_VAR_D,D,Only 3 Left in Stock — Order Before It's Gone,High demand item. Secure yours before stock runs out. Fast delivery guaranteed.,Buy Now,2024-01-15,786,34,1,646.54,419.14
CAMP_002,Campaign 2 — Health & Wellness,Instagram,Health & Wellness,CAMP_002_VAR_D,D,Only 3 Left in Stock — Order Before It's Gone,High demand item. Secure yours before stock runs out. Fast delivery guaranteed.,Buy Now,2024-01-16,812,38,1,420.41,1577.97
CAMP_002,Campaign 2 — Health & Wellness,Instagram,Health & Wellness,CAMP_002_VAR_D,D,Only 3 Left in Stock — Order Before It's Gone,High demand item. Secure yours before stock runs out. Fast delivery guaranteed.,Buy Now,2024-01-17,752,32,1,389.03,1306.79
CAMP_002,Campaign 2 — Health & Wellness,Instagram,Health & Wellness,CAMP_002_VAR_D,D,Only 3 Left in Stock — Order Before It's Gone,High demand item. Secure yours before stock runs out. Fast delivery guaranteed.,Buy Now,2024-01-18,713,36,2,973.66,1617.21
CAMP_002,Campaign 2 — Health & Wellness,Instagram,Health & Wellness,CAMP_002_VAR_D,D,Only 3 Left in Stock — Order Before It's Gone,High demand item. Secure yours before stock runs out. Fast delivery guaranteed.,Buy Now,2024-01-19,839,36,1,747.0,1075.5
CAMP_002,Campaign 2 — Health & Wellness,Instagram,Health & Wellness,CAMP_002_VAR_D,D,Only 3 Left in Stock — Order Before It's Gone,High demand item. Secure yours before stock runs out. Fast delivery guaranteed.,Buy Now,2024-01-20,792,40,1,525.86,602.5
CAMP_002,Campaign 2 — Health & Wellness,Instagram,Health & Wellness,CAMP_002_VAR_D,D,Only 3 Left in Stock — Order Before It's Gone,High demand item. Secure yours before stock runs out. Fast delivery guaranteed.,Buy Now,2024-01-21,585,29,1,338.89,1444.81
CAMP_002,Campaign 2 — Health & Wellness,Instagram,Health & Wellness,CAMP_002_VAR_D,D,Only 3 Left in Stock — Order Before It's Gone,High demand item. Secure yours before stock runs out. Fast delivery guaranteed.,Buy Now,2024-01-22,702,35,0,1087.42,0.0
CAMP_002,Campaign 2 — Health & Wellness,Instagram,Health & Wellness,CAMP_002_VAR_D,D,Only 3 Left in Stock — Order Before It's Gone,High demand item. Secure yours before stock runs out. Fast delivery guaranteed.,Buy Now,2024-01-23,691,27,0,410.77,0.0
CAMP_002,Campaign 2 — Health & Wellness,Instagram,Health & Wellness,CAMP_002_VAR_D,D,Only 3 Left in Stock — Order Before It's Gone,High demand item. Secure yours before stock runs out. Fast delivery guaranteed.,Buy Now,2024-01-24,590,28,0,857.13,0.0
CAMP_002,Campaign 2 — Health & Wellness,Instagram,Health & Wellness,CAMP_002_VAR_D,D,Only 3 Left in Stock — Order Before It's Gone,High demand item. Secure yours before stock runs out. Fast delivery guaranteed.,Buy Now,2024-01-25,810,35,1,1097.67,1323.92
CAMP_002,Campaign 2 — Health & Wellness,Instagram,Health & Wellness,CAMP_002_VAR_D,D,Only 3 Left in Stock — Order Before It's Gone,High demand item. Secure yours before stock runs out. Fast delivery guaranteed.,Buy Now,2024-01-26,855,34,1,577.18,1078.08
CAMP_002,Campaign 2 — Health & Wellness,Instagram,Health & Wellness,CAMP_002_VAR_D,D,Only 3 Left in Stock — Order Before It's Gone,High demand item. Secure yours before stock runs out. Fast delivery guaranteed.,Buy Now,2024-01-27,772,32,1,1061.98,928.09
CAMP_002,Campaign 2 — Health & Wellness,Instagram,Health & Wellness,CAMP_002_VAR_D,D,Only 3 Left in Stock — Order Before It's Gone,High demand item. Secure yours before stock runs out. Fast delivery guaranteed.,Buy Now,2024-01-28,704,33,1,476.78,1773.08
CAMP_002,Campaign 2 — Health & Wellness,Instagram,Health & Wellness,CAMP_002_VAR_D,D,Only 3 Left in Stock — Order Before It's Gone,High demand item. Secure yours before stock runs out. Fast delivery guaranteed.,Buy Now,2024-01-29,679,31,1,591.82,1598.42
CAMP_002,Campaign 2 — Health & Wellness,Instagram,Health & Wellness,CAMP_002_VAR_D,D,Only 3 Left in Stock — Order Before It's Gone,High demand item. Secure yours before stock runs out. Fast delivery guaranteed.,Buy Now,2024-01-30,898,40,1,1306.5,1062.17
CAMP_002,Campaign 2 — Health & Wellness,Instagram,Health & Wellness,CAMP_002_VAR_E,E,Get 20% Off Your First Order,New here? Use code FIRST20 at checkout. Limited time offer.,Claim Offer,2024-01-01,768,19,0,573.04,0.0
CAMP_002,Campaign 2 — Health & Wellness,Instagram,Health & Wellness,CAMP_002_VAR_E,E,Get 20% Off Your First Order,New here? Use code FIRST20 at checkout. Limited time offer.,Claim Offer,2024-01-02,737,24,1,215.99,1093.46
CAMP_002,Campaign 2 — Health & Wellness,Instagram,Health & Wellness,CAMP_002_VAR_E,E,Get 20% Off Your First Order,New here? Use code FIRST20 at checkout. Limited time offer.,Claim Offer,2024-01-03,429,11,0,346.3,0.0
CAMP_002,Campaign 2 — Health & Wellness,Instagram,Health & Wellness,CAMP_002_VAR_E,E,Get 20% Off Your First Order,New here? Use code FIRST20 at checkout. Limited time offer.,Claim Offer,2024-01-04,742,21,1,466.21,1016.43
CAMP_002,Campaign 2 — Health & Wellness,Instagram,Health & Wellness,CAMP_002_VAR_E,E,Get 20% Off Your First Order,New here? Use code FIRST20 at checkout. Limited time offer.,Claim Offer,2024-01-05,721,19,0,362.32,0.0
CAMP_002,Campaign 2 — Health & Wellness,Instagram,Health & Wellness,CAMP_002_VAR_E,E,Get 20% Off Your First Order,New here? Use code FIRST20 at checkout. Limited time offer.,Claim Offer,2024-01-06,691,19,0,392.85,0.0
CAMP_002,Campaign 2 — Health & Wellness,Instagram,Health & Wellness,CAMP_002_VAR_E,E,Get 20% Off Your First Order,New here? Use code FIRST20 at checkout. Limited time offer.,Claim Offer,2024-01-07,802,23,1,614.17,873.99
CAMP_002,Campaign 2 — Health & Wellness,Instagram,Health & Wellness,CAMP_002_VAR_E,E,Get 20% Off Your First Order,New here? Use code FIRST20 at checkout. Limited time offer.,Claim Offer,2024-01-08,717,19,0,589.25,0.0
CAMP_002,Campaign 2 — Health & Wellness,Instagram,Health & Wellness,CAMP_002_VAR_E,E,Get 20% Off Your First Order,New here? Use code FIRST20 at checkout. Limited time offer.,Claim Offer,2024-01-09,633,17,0,281.35,0.0
CAMP_002,Campaign 2 — Health & Wellness,Instagram,Health & Wellness,CAMP_002_VAR_E,E,Get 20% Off Your First Order,New here? Use code FIRST20 at checkout. Limited time offer.,Claim Offer,2024-01-10,723,20,0,631.09,0.0
CAMP_002,Campaign 2 — Health & Wellness,Instagram,Health & Wellness,CAMP_002_VAR_E,E,Get 20% Off Your First Order,New here? Use code FIRST20 at checkout. Limited time offer.,Claim Offer,2024-01-11,712,24,0,600.99,0.0
CAMP_002,Campaign 2 — Health & Wellness,Instagram,Health & Wellness,CAMP_002_VAR_E,E,Get 20% Off Your First Order,New here? Use code FIRST20 at checkout. Limited time offer.,Claim Offer,2024-01-12,772,21,1,591.42,1796.4
CAMP_002,Campaign 2 — Health & Wellness,Instagram,Health & Wellness,CAMP_002_VAR_E,E,Get 20% Off Your First Order,New here? Use code FIRST20 at checkout. Limited time offer.,Claim Offer,2024-01-13,806,22,0,552.45,0.0
CAMP_002,Campaign 2 — Health & Wellness,Instagram,Health & Wellness,CAMP_002_VAR_E,E,Get 20% Off Your First Order,New here? Use code FIRST20 at checkout. Limited time offer.,Claim Offer,2024-01-14,474,12,0,320.86,0.0
CAMP_002,Campaign 2 — Health & Wellness,Instagram,Health & Wellness,CAMP_002_VAR_E,E,Get 20% Off Your First Order,New here? Use code FIRST20 at checkout. Limited time offer.,Claim Offer,2024-01-15,491,13,0,383.45,0.0
CAMP_002,Campaign 2 — Health & Wellness,Instagram,Health & Wellness,CAMP_002_VAR_E,E,Get 20% Off Your First Order,New here? Use code FIRST20 at checkout. Limited time offer.,Claim Offer,2024-01-16,684,23,0,274.4,0.0
CAMP_002,Campaign 2 — Health & Wellness,Instagram,Health & Wellness,CAMP_002_VAR_E,E,Get 20% Off Your First Order,New here? Use code FIRST20 at checkout. Limited time offer.,Claim Offer,2024-01-17,716,20,0,587.96,0.0
CAMP_002,Campaign 2 — Health & Wellness,Instagram,Health & Wellness,CAMP_002_VAR_E,E,Get 20% Off Your First Order,New here? Use code FIRST20 at checkout. Limited time offer.,Claim Offer,2024-01-18,768,17,0,535.72,0.0
CAMP_002,Campaign 2 — Health & Wellness,Instagram,Health & Wellness,CAMP_002_VAR_E,E,Get 20% Off Your First Order,New here? Use code FIRST20 at checkout. Limited time offer.,Claim Offer,2024-01-19,707,22,0,718.22,0.0
CAMP_002,Campaign 2 — Health & Wellness,Instagram,Health & Wellness,CAMP_002_VAR_E,E,Get 20% Off Your First Order,New here? Use code FIRST20 at checkout. Limited time offer.,Claim Offer,2024-01-20,531,17,0,252.58,0.0
CAMP_002,Campaign 2 — Health & Wellness,Instagram,Health & Wellness,CAMP_002_VAR_E,E,Get 20% Off Your First Order,New here? Use code FIRST20 at checkout. Limited time offer.,Claim Offer,2024-01-21,717,19,0,564.78,0.0
CAMP_002,Campaign 2 — Health & Wellness,Instagram,Health & Wellness,CAMP_002_VAR_E,E,Get 20% Off Your First Order,New here? Use code FIRST20 at checkout. Limited time offer.,Claim Offer,2024-01-22,747,26,1,318.9,1348.66
CAMP_002,Campaign 2 — Health & Wellness,Instagram,Health & Wellness,CAMP_002_VAR_E,E,Get 20% Off Your First Order,New here? Use code FIRST20 at checkout. Limited time offer.,Claim Offer,2024-01-23,701,20,0,477.29,0.0
CAMP_002,Campaign 2 — Health & Wellness,Instagram,Health & Wellness,CAMP_002_VAR_E,E,Get 20% Off Your First Order,New here? Use code FIRST20 at checkout. Limited time offer.,Claim Offer,2024-01-24,636,16,0,236.04,0.0
CAMP_002,Campaign 2 — Health & Wellness,Instagram,Health & Wellness,CAMP_002_VAR_E,E,Get 20% Off Your First Order,New here? Use code FIRST20 at checkout. Limited time offer.,Claim Offer,2024-01-25,768,20,1,367.73,678.9
CAMP_002,Campaign 2 — Health & Wellness,Instagram,Health & Wellness,CAMP_002_VAR_E,E,Get 20% Off Your First Order,New here? Use code FIRST20 at checkout. Limited time offer.,Claim Offer,2024-01-26,690,19,0,445.4,0.0
CAMP_002,Campaign 2 — Health & Wellness,Instagram,Health & Wellness,CAMP_002_VAR_E,E,Get 20% Off Your First Order,New here? Use code FIRST20 at checkout. Limited time offer.,Claim Offer,2024-01-27,732,21,0,335.4,0.0
CAMP_002,Campaign 2 — Health & Wellness,Instagram,Health & Wellness,CAMP_002_VAR_E,E,Get 20% Off Your First Order,New here? Use code FIRST20 at checkout. Limited time offer.,Claim Offer,2024-01-28,789,21,1,323.63,1321.52
CAMP_002,Campaign 2 — Health & Wellness,Instagram,Health & Wellness,CAMP_002_VAR_E,E,Get 20% Off Your First Order,New here? Use code FIRST20 at checkout. Limited time offer.,Claim Offer,2024-01-29,655,17,0,477.8,0.0
CAMP_002,Campaign 2 — Health & Wellness,Instagram,Health & Wellness,CAMP_002_VAR_E,E,Get 20% Off Your First Order,New here? Use code FIRST20 at checkout. Limited time offer.,Claim Offer,2024-01-30,637,19,0,406.82,0.0
CAMP_003,Campaign 3 — Electronics,Google,Electronics,CAMP_003_VAR_A,A,Last 48 Hours: Up to 50% Off — Shop Now,Don't miss out. Our biggest sale ends soon. Free shipping on all orders above ₹499.,Shop Now,2024-01-01,725,27,0,398.71,0.0
CAMP_003,Campaign 3 — Electronics,Google,Electronics,CAMP_003_VAR_A,A,Last 48 Hours: Up to 50% Off — Shop Now,Don't miss out. Our biggest sale ends soon. Free shipping on all orders above ₹499.,Shop Now,2024-01-02,736,35,1,923.41,1474.46
CAMP_003,Campaign 3 — Electronics,Google,Electronics,CAMP_003_VAR_A,A,Last 48 Hours: Up to 50% Off — Shop Now,Don't miss out. Our biggest sale ends soon. Free shipping on all orders above ₹499.,Shop Now,2024-01-03,691,34,0,848.01,0.0
CAMP_003,Campaign 3 — Electronics,Google,Electronics,CAMP_003_VAR_A,A,Last 48 Hours: Up to 50% Off — Shop Now,Don't miss out. Our biggest sale ends soon. Free shipping on all orders above ₹499.,Shop Now,2024-01-04,575,21,0,186.92,0.0
CAMP_003,Campaign 3 — Electronics,Google,Electronics,CAMP_003_VAR_A,A,Last 48 Hours: Up to 50% Off — Shop Now,Don't miss out. Our biggest sale ends soon. Free shipping on all orders above ₹499.,Shop Now,2024-01-05,477,23,0,748.88,0.0
CAMP_003,Campaign 3 — Electronics,Google,Electronics,CAMP_003_VAR_A,A,Last 48 Hours: Up to 50% Off — Shop Now,Don't miss out. Our biggest sale ends soon. Free shipping on all orders above ₹499.,Shop Now,2024-01-06,715,29,0,389.22,0.0
CAMP_003,Campaign 3 — Electronics,Google,Electronics,CAMP_003_VAR_A,A,Last 48 Hours: Up to 50% Off — Shop Now,Don't miss out. Our biggest sale ends soon. Free shipping on all orders above ₹499.,Shop Now,2024-01-07,678,25,1,446.95,1627.04
CAMP_003,Campaign 3 — Electronics,Google,Electronics,CAMP_003_VAR_A,A,Last 48 Hours: Up to 50% Off — Shop Now,Don't miss out. Our biggest sale ends soon. Free shipping on all orders above ₹499.,Shop Now,2024-01-08,890,37,1,460.38,781.54
CAMP_003,Campaign 3 — Electronics,Google,Electronics,CAMP_003_VAR_A,A,Last 48 Hours: Up to 50% Off — Shop Now,Don't miss out. Our biggest sale ends soon. Free shipping on all orders above ₹499.,Shop Now,2024-01-09,662,29,1,989.46,1721.86
CAMP_003,Campaign 3 — Electronics,Google,Electronics,CAMP_003_VAR_A,A,Last 48 Hours: Up to 50% Off — Shop Now,Don't miss out. Our biggest sale ends soon. Free shipping on all orders above ₹499.,Shop Now,2024-01-10,698,29,0,861.71,0.0
CAMP_003,Campaign 3 — Electronics,Google,Electronics,CAMP_003_VAR_A,A,Last 48 Hours: Up to 50% Off — Shop Now,Don't miss out. Our biggest sale ends soon. Free shipping on all orders above ₹499.,Shop Now,2024-01-11,574,25,0,709.05,0.0
CAMP_003,Campaign 3 — Electronics,Google,Electronics,CAMP_003_VAR_A,A,Last 48 Hours: Up to 50% Off — Shop Now,Don't miss out. Our biggest sale ends soon. Free shipping on all orders above ₹499.,Shop Now,2024-01-12,835,39,1,1022.15,1346.85
CAMP_003,Campaign 3 — Electronics,Google,Electronics,CAMP_003_VAR_A,A,Last 48 Hours: Up to 50% Off — Shop Now,Don't miss out. Our biggest sale ends soon. Free shipping on all orders above ₹499.,Shop Now,2024-01-13,807,32,1,737.52,1584.04
CAMP_003,Campaign 3 — Electronics,Google,Electronics,CAMP_003_VAR_A,A,Last 48 Hours: Up to 50% Off — Shop Now,Don't miss out. Our biggest sale ends soon. Free shipping on all orders above ₹499.,Shop Now,2024-01-14,554,22,0,333.09,0.0
CAMP_003,Campaign 3 — Electronics,Google,Electronics,CAMP_003_VAR_A,A,Last 48 Hours: Up to 50% Off — Shop Now,Don't miss out. Our biggest sale ends soon. Free shipping on all orders above ₹499.,Shop Now,2024-01-15,656,30,0,846.7,0.0
CAMP_003,Campaign 3 — Electronics,Google,Electronics,CAMP_003_VAR_A,A,Last 48 Hours: Up to 50% Off — Shop Now,Don't miss out. Our biggest sale ends soon. Free shipping on all orders above ₹499.,Shop Now,2024-01-16,486,23,0,580.54,0.0
CAMP_003,Campaign 3 — Electronics,Google,Electronics,CAMP_003_VAR_A,A,Last 48 Hours: Up to 50% Off — Shop Now,Don't miss out. Our biggest sale ends soon. Free shipping on all orders above ₹499.,Shop Now,2024-01-17,636,25,0,518.25,0.0
CAMP_003,Campaign 3 — Electronics,Google,Electronics,CAMP_003_VAR_A,A,Last 48 Hours: Up to 50% Off — Shop Now,Don't miss out. Our biggest sale ends soon. Free shipping on all orders above ₹499.,Shop Now,2024-01-18,552,19,0,320.27,0.0
CAMP_003,Campaign 3 — Electronics,Google,Electronics,CAMP_003_VAR_A,A,Last 48 Hours: Up to 50% Off — Shop Now,Don't miss out. Our biggest sale ends soon. Free shipping on all orders above ₹499.,Shop Now,2024-01-19,731,30,1,754.68,1306.71
CAMP_003,Campaign 3 — Electronics,Google,Electronics,CAMP_003_VAR_A,A,Last 48 Hours: Up to 50% Off — Shop Now,Don't miss out. Our biggest sale ends soon. Free shipping on all orders above ₹499.,Shop Now,2024-01-20,525,19,0,485.06,0.0
CAMP_003,Campaign 3 — Electronics,Google,Electronics,CAMP_003_VAR_A,A,Last 48 Hours: Up to 50% Off — Shop Now,Don't miss out. Our biggest sale ends soon. Free shipping on all orders above ₹499.,Shop Now,2024-01-21,618,30,0,270.14,0.0
CAMP_003,Campaign 3 — Electronics,Google,Electronics,CAMP_003_VAR_A,A,Last 48 Hours: Up to 50% Off — Shop Now,Don't miss out. Our biggest sale ends soon. Free shipping on all orders above ₹499.,Shop Now,2024-01-22,626,22,1,315.47,562.57
CAMP_003,Campaign 3 — Electronics,Google,Electronics,CAMP_003_VAR_A,A,Last 48 Hours: Up to 50% Off — Shop Now,Don't miss out. Our biggest sale ends soon. Free shipping on all orders above ₹499.,Shop Now,2024-01-23,627,25,1,450.43,944.1
CAMP_003,Campaign 3 — Electronics,Google,Electronics,CAMP_003_VAR_A,A,Last 48 Hours: Up to 50% Off — Shop Now,Don't miss out. Our biggest sale ends soon. Free shipping on all orders above ₹499.,Shop Now,2024-01-24,387,16,0,361.36,0.0
CAMP_003,Campaign 3 — Electronics,Google,Electronics,CAMP_003_VAR_A,A,Last 48 Hours: Up to 50% Off — Shop Now,Don't miss out. Our biggest sale ends soon. Free shipping on all orders above ₹499.,Shop Now,2024-01-25,628,28,1,893.37,1417.24
CAMP_003,Campaign 3 — Electronics,Google,Electronics,CAMP_003_VAR_A,A,Last 48 Hours: Up to 50% Off — Shop Now,Don't miss out. Our biggest sale ends soon. Free shipping on all orders above ₹499.,Shop Now,2024-01-26,832,38,1,935.66,1567.17
CAMP_003,Campaign 3 — Electronics,Google,Electronics,CAMP_003_VAR_A,A,Last 48 Hours: Up to 50% Off — Shop Now,Don't miss out. Our biggest sale ends soon. Free shipping on all orders above ₹499.,Shop Now,2024-01-27,625,23,1,612.66,791.64
CAMP_003,Campaign 3 — Electronics,Google,Electronics,CAMP_003_VAR_A,A,Last 48 Hours: Up to 50% Off — Shop Now,Don't miss out. Our biggest sale ends soon. Free shipping on all orders above ₹499.,Shop Now,2024-01-28,902,38,1,546.25,1022.57
CAMP_003,Campaign 3 — Electronics,Google,Electronics,CAMP_003_VAR_A,A,Last 48 Hours: Up to 50% Off — Shop Now,Don't miss out. Our biggest sale ends soon. Free shipping on all orders above ₹499.,Shop Now,2024-01-29,652,27,0,483.79,0.0
CAMP_003,Campaign 3 — Electronics,Google,Electronics,CAMP_003_VAR_A,A,Last 48 Hours: Up to 50% Off — Shop Now,Don't miss out. Our biggest sale ends soon. Free shipping on all orders above ₹499.,Shop Now,2024-01-30,670,27,1,260.14,1302.76
CAMP_003,Campaign 3 — Electronics,Google,Electronics,CAMP_003_VAR_B,B,Brand Name — Quality You Can Trust,"Discover our latest collection. Premium quality, fair prices.",Learn More,2024-01-01,519,5,0,154.48,0.0
CAMP_003,Campaign 3 — Electronics,Google,Electronics,CAMP_003_VAR_B,B,Brand Name — Quality You Can Trust,"Discover our latest collection. Premium quality, fair prices.",Learn More,2024-01-02,565,5,0,126.63,0.0
CAMP_003,Campaign 3 — Electronics,Google,Electronics,CAMP_003_VAR_B,B,Brand Name — Quality You Can Trust,"Discover our latest collection. Premium quality, fair prices.",Learn More,2024-01-03,507,5,0,146.22,0.0
CAMP_003,Campaign 3 — Electronics,Google,Electronics,CAMP_003_VAR_B,B,Brand Name — Quality You Can Trust,"Discover our latest collection. Premium quality, fair prices.",Learn More,2024-01-04,546,6,0,139.46,0.0
CAMP_003,Campaign 3 — Electronics,Google,Electronics,CAMP_003_VAR_B,B,Brand Name — Quality You Can Trust,"Discover our latest collection. Premium quality, fair prices.",Learn More,2024-01-05,342,4,0,54.37,0.0
CAMP_003,Campaign 3 — Electronics,Google,Electronics,CAMP_003_VAR_B,B,Brand Name — Quality You Can Trust,"Discover our latest collection. Premium quality, fair prices.",Learn More,2024-01-06,674,5,0,84.36,0.0
CAMP_003,Campaign 3 — Electronics,Google,Electronics,CAMP_003_VAR_B,B,Brand Name — Quality You Can Trust,"Discover our latest collection. Premium quality, fair prices.",Learn More,2024-01-07,538,5,0,40.38,0.0
CAMP_003,Campaign 3 — Electronics,Google,Electronics,CAMP_003_VAR_B,B,Brand Name — Quality You Can Trust,"Discover our latest collection. Premium quality, fair prices.",Learn More,2024-01-08,448,4,0,46.04,0.0
CAMP_003,Campaign 3 — Electronics,Google,Electronics,CAMP_003_VAR_B,B,Brand Name — Quality You Can Trust,"Discover our latest collection. Premium quality, fair prices.",Learn More,2024-01-09,473,6,0,155.09,0.0
CAMP_003,Campaign 3 — Electronics,Google,Electronics,CAMP_003_VAR_B,B,Brand Name — Quality You Can Trust,"Discover our latest collection. Premium quality, fair prices.",Learn More,2024-01-10,647,8,0,234.64,0.0
CAMP_003,Campaign 3 — Electronics,Google,Electronics,CAMP_003_VAR_B,B,Brand Name — Quality You Can Trust,"Discover our latest collection. Premium quality, fair prices.",Learn More,2024-01-11,629,6,0,76.23,0.0
CAMP_003,Campaign 3 — Electronics,Google,Electronics,CAMP_003_VAR_B,B,Brand Name — Quality You Can Trust,"Discover our latest collection. Premium quality, fair prices.",Learn More,2024-01-12,523,6,0,133.23,0.0
CAMP_003,Campaign 3 — Electronics,Google,Electronics,CAMP_003_VAR_B,B,Brand Name — Quality You Can Trust,"Discover our latest collection. Premium quality, fair prices.",Learn More,2024-01-13,463,5,0,145.03,0.0
CAMP_003,Campaign 3 — Electronics,Google,Electronics,CAMP_003_VAR_B,B,Brand Name — Quality You Can Trust,"Discover our latest collection. Premium quality, fair prices.",Learn More,2024-01-14,547,5,0,108.02,0.0
CAMP_003,Campaign 3 — Electronics,Google,Electronics,CAMP_003_VAR_B,B,Brand Name — Quality You Can Trust,"Discover our latest collection. Premium quality, fair prices.",Learn More,2024-01-15,628,7,0,204.03,0.0
CAMP_003,Campaign 3 — Electronics,Google,Electronics,CAMP_003_VAR_B,B,Brand Name — Quality You Can Trust,"Discover our latest collection. Premium quality, fair prices.",Learn More,2024-01-16,537,6,0,122.2,0.0
CAMP_003,Campaign 3 — Electronics,Google,Electronics,CAMP_003_VAR_B,B,Brand Name — Quality You Can Trust,"Discover our latest collection. Premium quality, fair prices.",Learn More,2024-01-17,475,5,0,104.66,0.0
CAMP_003,Campaign 3 — Electronics,Google,Electronics,CAMP_003_VAR_B,B,Brand Name — Quality You Can Trust,"Discover our latest collection. Premium quality, fair prices.",Learn More,2024-01-18,618,6,0,127.42,0.0
CAMP_003,Campaign 3 — Electronics,Google,Electronics,CAMP_003_VAR_B,B,Brand Name — Quality You Can Trust,"Discover our latest collection. Premium quality, fair prices.",Learn More,2024-01-19,595,5,0,50.91,0.0
CAMP_003,Campaign 3 — Electronics,Google,Electronics,CAMP_003_VAR_B,B,Brand Name — Quality You Can Trust,"Discover our latest collection. Premium quality, fair prices.",Learn More,2024-01-20,646,6,0,92.55,0.0
CAMP_003,Campaign 3 — Electronics,Google,Electronics,CAMP_003_VAR_B,B,Brand Name — Quality You Can Trust,"Discover our latest collection. Premium quality, fair prices.",Learn More,2024-01-21,523,6,0,100.68,0.0
CAMP_003,Campaign 3 — Electronics,Google,Electronics,CAMP_003_VAR_B,B,Brand Name — Quality You Can Trust,"Discover our latest collection. Premium quality, fair prices.",Learn More,2024-01-22,507,4,0,81.0,0.0
CAMP_003,Campaign 3 — Electronics,Google,Electronics,CAMP_003_VAR_B,B,Brand Name — Quality You Can Trust,"Discover our latest collection. Premium quality, fair prices.",Learn More,2024-01-23,435,5,0,134.74,0.0
CAMP_003,Campaign 3 — Electronics,Google,Electronics,CAMP_003_VAR_B,B,Brand Name — Quality You Can Trust,"Discover our latest collection. Premium quality, fair prices.",Learn More,2024-01-24,458,5,0,143.81,0.0
CAMP_003,Campaign 3 — Electronics,Google,Electronics,CAMP_003_VAR_B,B,Brand Name — Quality You Can Trust,"Discover our latest collection. Premium quality, fair prices.",Learn More,2024-01-25,390,5,0,100.96,0.0
CAMP_003,Campaign 3 — Electronics,Google,Electronics,CAMP_003_VAR_B,B,Brand Name — Quality You Can Trust,"Discover our latest collection. Premium quality, fair prices.",Learn More,2024-01-26,585,6,0,121.47,0.0
CAMP_003,Campaign 3 — Electronics,Google,Electronics,CAMP_003_VAR_B,B,Brand Name — Quality You Can Trust,"Discover our latest collection. Premium quality, fair prices.",Learn More,2024-01-27,521,5,0,97.61,0.0
CAMP_003,Campaign 3 — Electronics,Google,Electronics,CAMP_003_VAR_B,B,Brand Name — Quality You Can Trust,"Discover our latest collection. Premium quality, fair prices.",Learn More,2024-01-28,564,6,0,72.73,0.0
CAMP_003,Campaign 3 — Electronics,Google,Electronics,CAMP_003_VAR_B,B,Brand Name — Quality You Can Trust,"Discover our latest collection. Premium quality, fair prices.",Learn More,2024-01-29,577,6,0,182.75,0.0
CAMP_003,Campaign 3 — Electronics,Google,Electronics,CAMP_003_VAR_B,B,Brand Name — Quality You Can Trust,"Discover our latest collection. Premium quality, fair prices.",Learn More,2024-01-30,537,5,0,139.74,0.0
CAMP_003,Campaign 3 — Electronics,Google,Electronics,CAMP_003_VAR_C,C,"Over 10,000 Happy Customers Can't Be Wrong",Join thousands who've transformed their routine. Rated 4.8/5 stars.,See Reviews,2024-01-01,427,13,0,301.12,0.0
CAMP_003,Campaign 3 — Electronics,Google,Electronics,CAMP_003_VAR_C,C,"Over 10,000 Happy Customers Can't Be Wrong",Join thousands who've transformed their routine. Rated 4.8/5 stars.,See Reviews,2024-01-02,326,12,0,210.57,0.0
CAMP_003,Campaign 3 — Electronics,Google,Electronics,CAMP_003_VAR_C,C,"Over 10,000 Happy Customers Can't Be Wrong",Join thousands who've transformed their routine. Rated 4.8/5 stars.,See Reviews,2024-01-03,419,15,0,471.58,0.0
CAMP_003,Campaign 3 — Electronics,Google,Electronics,CAMP_003_VAR_C,C,"Over 10,000 Happy Customers Can't Be Wrong",Join thousands who've transformed their routine. Rated 4.8/5 stars.,See Reviews,2024-01-04,409,15,0,363.17,0.0
CAMP_003,Campaign 3 — Electronics,Google,Electronics,CAMP_003_VAR_C,C,"Over 10,000 Happy Customers Can't Be Wrong",Join thousands who've transformed their routine. Rated 4.8/5 stars.,See Reviews,2024-01-05,375,12,0,164.93,0.0
CAMP_003,Campaign 3 — Electronics,Google,Electronics,CAMP_003_VAR_C,C,"Over 10,000 Happy Customers Can't Be Wrong",Join thousands who've transformed their routine. Rated 4.8/5 stars.,See Reviews,2024-01-06,420,14,0,152.91,0.0
CAMP_003,Campaign 3 — Electronics,Google,Electronics,CAMP_003_VAR_C,C,"Over 10,000 Happy Customers Can't Be Wrong",Join thousands who've transformed their routine. Rated 4.8/5 stars.,See Reviews,2024-01-07,433,13,0,371.67,0.0
CAMP_003,Campaign 3 — Electronics,Google,Electronics,CAMP_003_VAR_C,C,"Over 10,000 Happy Customers Can't Be Wrong",Join thousands who've transformed their routine. Rated 4.8/5 stars.,See Reviews,2024-01-08,471,18,0,554.75,0.0
CAMP_003,Campaign 3 — Electronics,Google,Electronics,CAMP_003_VAR_C,C,"Over 10,000 Happy Customers Can't Be Wrong",Join thousands who've transformed their routine. Rated 4.8/5 stars.,See Reviews,2024-01-09,424,17,1,417.63,1545.8
CAMP_003,Campaign 3 — Electronics,Google,Electronics,CAMP_003_VAR_C,C,"Over 10,000 Happy Customers Can't Be Wrong",Join thousands who've transformed their routine. Rated 4.8/5 stars.,See Reviews,2024-01-10,510,20,0,661.71,0.0
CAMP_003,Campaign 3 — Electronics,Google,Electronics,CAMP_003_VAR_C,C,"Over 10,000 Happy Customers Can't Be Wrong",Join thousands who've transformed their routine. Rated 4.8/5 stars.,See Reviews,2024-01-11,295,9,0,115.84,0.0
CAMP_003,Campaign 3 — Electronics,Google,Electronics,CAMP_003_VAR_C,C,"Over 10,000 Happy Customers Can't Be Wrong",Join thousands who've transformed their routine. Rated 4.8/5 stars.,See Reviews,2024-01-12,370,13,0,223.28,0.0
CAMP_003,Campaign 3 — Electronics,Google,Electronics,CAMP_003_VAR_C,C,"Over 10,000 Happy Customers Can't Be Wrong",Join thousands who've transformed their routine. Rated 4.8/5 stars.,See Reviews,2024-01-13,440,15,0,349.36,0.0
CAMP_003,Campaign 3 — Electronics,Google,Electronics,CAMP_003_VAR_C,C,"Over 10,000 Happy Customers Can't Be Wrong",Join thousands who've transformed their routine. Rated 4.8/5 stars.,See Reviews,2024-01-14,420,14,0,351.34,0.0
CAMP_003,Campaign 3 — Electronics,Google,Electronics,CAMP_003_VAR_C,C,"Over 10,000 Happy Customers Can't Be Wrong",Join thousands who've transformed their routine. Rated 4.8/5 stars.,See Reviews,2024-01-15,371,11,0,151.89,0.0
CAMP_003,Campaign 3 — Electronics,Google,Electronics,CAMP_003_VAR_C,C,"Over 10,000 Happy Customers Can't Be Wrong",Join thousands who've transformed their routine. Rated 4.8/5 stars.,See Reviews,2024-01-16,352,11,0,197.91,0.0
CAMP_003,Campaign 3 — Electronics,Google,Electronics,CAMP_003_VAR_C,C,"Over 10,000 Happy Customers Can't Be Wrong",Join thousands who've transformed their routine. Rated 4.8/5 stars.,See Reviews,2024-01-17,348,14,0,326.55,0.0
CAMP_003,Campaign 3 — Electronics,Google,Electronics,CAMP_003_VAR_C,C,"Over 10,000 Happy Customers Can't Be Wrong",Join thousands who've transformed their routine. Rated 4.8/5 stars.,See Reviews,2024-01-18,350,16,0,196.0,0.0
CAMP_003,Campaign 3 — Electronics,Google,Electronics,CAMP_003_VAR_C,C,"Over 10,000 Happy Customers Can't Be Wrong",Join thousands who've transformed their routine. Rated 4.8/5 stars.,See Reviews,2024-01-19,439,16,0,245.55,0.0
CAMP_003,Campaign 3 — Electronics,Google,Electronics,CAMP_003_VAR_C,C,"Over 10,000 Happy Customers Can't Be Wrong",Join thousands who've transformed their routine. Rated 4.8/5 stars.,See Reviews,2024-01-20,356,14,0,279.09,0.0
CAMP_003,Campaign 3 — Electronics,Google,Electronics,CAMP_003_VAR_C,C,"Over 10,000 Happy Customers Can't Be Wrong",Join thousands who've transformed their routine. Rated 4.8/5 stars.,See Reviews,2024-01-21,373,13,0,143.95,0.0
CAMP_003,Campaign 3 — Electronics,Google,Electronics,CAMP_003_VAR_C,C,"Over 10,000 Happy Customers Can't Be Wrong",Join thousands who've transformed their routine. Rated 4.8/5 stars.,See Reviews,2024-01-22,565,20,0,526.38,0.0
CAMP_003,Campaign 3 — Electronics,Google,Electronics,CAMP_003_VAR_C,C,"Over 10,000 Happy Customers Can't Be Wrong",Join thousands who've transformed their routine. Rated 4.8/5 stars.,See Reviews,2024-01-23,479,16,0,147.62,0.0
CAMP_003,Campaign 3 — Electronics,Google,Electronics,CAMP_003_VAR_C,C,"Over 10,000 Happy Customers Can't Be Wrong",Join thousands who've transformed their routine. Rated 4.8/5 stars.,See Reviews,2024-01-24,406,17,0,139.53,0.0
CAMP_003,Campaign 3 — Electronics,Google,Electronics,CAMP_003_VAR_C,C,"Over 10,000 Happy Customers Can't Be Wrong",Join thousands who've transformed their routine. Rated 4.8/5 stars.,See Reviews,2024-01-25,370,16,0,187.29,0.0
CAMP_003,Campaign 3 — Electronics,Google,Electronics,CAMP_003_VAR_C,C,"Over 10,000 Happy Customers Can't Be Wrong",Join thousands who've transformed their routine. Rated 4.8/5 stars.,See Reviews,2024-01-26,452,15,0,123.13,0.0
CAMP_003,Campaign 3 — Electronics,Google,Electronics,CAMP_003_VAR_C,C,"Over 10,000 Happy Customers Can't Be Wrong",Join thousands who've transformed their routine. Rated 4.8/5 stars.,See Reviews,2024-01-27,447,18,0,328.78,0.0
CAMP_003,Campaign 3 — Electronics,Google,Electronics,CAMP_003_VAR_C,C,"Over 10,000 Happy Customers Can't Be Wrong",Join thousands who've transformed their routine. Rated 4.8/5 stars.,See Reviews,2024-01-28,446,13,0,396.51,0.0
CAMP_003,Campaign 3 — Electronics,Google,Electronics,CAMP_003_VAR_C,C,"Over 10,000 Happy Customers Can't Be Wrong",Join thousands who've transformed their routine. Rated 4.8/5 stars.,See Reviews,2024-01-29,364,13,0,406.48,0.0
CAMP_003,Campaign 3 — Electronics,Google,Electronics,CAMP_003_VAR_C,C,"Over 10,000 Happy Customers Can't Be Wrong",Join thousands who've transformed their routine. Rated 4.8/5 stars.,See Reviews,2024-01-30,404,15,0,493.07,0.0
CAMP_003,Campaign 3 — Electronics,Google,Electronics,CAMP_003_VAR_D,D,Only 3 Left in Stock — Order Before It's Gone,High demand item. Secure yours before stock runs out. Fast delivery guaranteed.,Buy Now,2024-01-01,624,25,1,678.91,1202.76
CAMP_003,Campaign 3 — Electronics,Google,Electronics,CAMP_003_VAR_D,D,Only 3 Left in Stock — Order Before It's Gone,High demand item. Secure yours before stock runs out. Fast delivery guaranteed.,Buy Now,2024-01-02,643,32,1,274.02,561.24
CAMP_003,Campaign 3 — Electronics,Google,Electronics,CAMP_003_VAR_D,D,Only 3 Left in Stock — Order Before It's Gone,High demand item. Secure yours before stock runs out. Fast delivery guaranteed.,Buy Now,2024-01-03,659,35,1,864.13,1521.85
CAMP_003,Campaign 3 — Electronics,Google,Electronics,CAMP_003_VAR_D,D,Only 3 Left in Stock — Order Before It's Gone,High demand item. Secure yours before stock runs out. Fast delivery guaranteed.,Buy Now,2024-01-04,684,34,1,352.9,1687.68
CAMP_003,Campaign 3 — Electronics,Google,Electronics,CAMP_003_VAR_D,D,Only 3 Left in Stock — Order Before It's Gone,High demand item. Secure yours before stock runs out. Fast delivery guaranteed.,Buy Now,2024-01-05,602,24,1,573.59,740.64
CAMP_003,Campaign 3 — Electronics,Google,Electronics,CAMP_003_VAR_D,D,Only 3 Left in Stock — Order Before It's Gone,High demand item. Secure yours before stock runs out. Fast delivery guaranteed.,Buy Now,2024-01-06,647,31,1,507.7,954.07
CAMP_003,Campaign 3 — Electronics,Google,Electronics,CAMP_003_VAR_D,D,Only 3 Left in Stock — Order Before It's Gone,High demand item. Secure yours before stock runs out. Fast delivery guaranteed.,Buy Now,2024-01-07,633,26,0,326.03,0.0
CAMP_003,Campaign 3 — Electronics,Google,Electronics,CAMP_003_VAR_D,D,Only 3 Left in Stock — Order Before It's Gone,High demand item. Secure yours before stock runs out. Fast delivery guaranteed.,Buy Now,2024-01-08,509,27,1,587.76,559.64
CAMP_003,Campaign 3 — Electronics,Google,Electronics,CAMP_003_VAR_D,D,Only 3 Left in Stock — Order Before It's Gone,High demand item. Secure yours before stock runs out. Fast delivery guaranteed.,Buy Now,2024-01-09,604,30,1,829.18,889.13
CAMP_003,Campaign 3 — Electronics,Google,Electronics,CAMP_003_VAR_D,D,Only 3 Left in Stock — Order Before It's Gone,High demand item. Secure yours before stock runs out. Fast delivery guaranteed.,Buy Now,2024-01-10,611,29,1,417.0,1541.05
CAMP_003,Campaign 3 — Electronics,Google,Electronics,CAMP_003_VAR_D,D,Only 3 Left in Stock — Order Before It's Gone,High demand item. Secure yours before stock runs out. Fast delivery guaranteed.,Buy Now,2024-01-11,694,31,0,752.21,0.0
CAMP_003,Campaign 3 — Electronics,Google,Electronics,CAMP_003_VAR_D,D,Only 3 Left in Stock — Order Before It's Gone,High demand item. Secure yours before stock runs out. Fast delivery guaranteed.,Buy Now,2024-01-12,617,28,1,357.92,1317.71
CAMP_003,Campaign 3 — Electronics,Google,Electronics,CAMP_003_VAR_D,D,Only 3 Left in Stock — Order Before It's Gone,High demand item. Secure yours before stock runs out. Fast delivery guaranteed.,Buy Now,2024-01-13,568,26,1,737.62,1091.76
CAMP_003,Campaign 3 — Electronics,Google,Electronics,CAMP_003_VAR_D,D,Only 3 Left in Stock — Order Before It's Gone,High demand item. Secure yours before stock runs out. Fast delivery guaranteed.,Buy Now,2024-01-14,628,28,1,922.66,1028.47
CAMP_003,Campaign 3 — Electronics,Google,Electronics,CAMP_003_VAR_D,D,Only 3 Left in Stock — Order Before It's Gone,High demand item. Secure yours before stock runs out. Fast delivery guaranteed.,Buy Now,2024-01-15,723,31,1,770.72,1289.42
CAMP_003,Campaign 3 — Electronics,Google,Electronics,CAMP_003_VAR_D,D,Only 3 Left in Stock — Order Before It's Gone,High demand item. Secure yours before stock runs out. Fast delivery guaranteed.,Buy Now,2024-01-16,591,27,1,326.05,1278.1
CAMP_003,Campaign 3 — Electronics,Google,Electronics,CAMP_003_VAR_D,D,Only 3 Left in Stock — Order Before It's Gone,High demand item. Secure yours before stock runs out. Fast delivery guaranteed.,Buy Now,2024-01-17,740,36,0,582.34,0.0
CAMP_003,Campaign 3 — Electronics,Google,Electronics,CAMP_003_VAR_D,D,Only 3 Left in Stock — Order Before It's Gone,High demand item. Secure yours before stock runs out. Fast delivery guaranteed.,Buy Now,2024-01-18,702,28,0,607.55,0.0
CAMP_003,Campaign 3 — Electronics,Google,Electronics,CAMP_003_VAR_D,D,Only 3 Left in Stock — Order Before It's Gone,High demand item. Secure yours before stock runs out. Fast delivery guaranteed.,Buy Now,2024-01-19,632,33,1,314.69,1032.68
CAMP_003,Campaign 3 — Electronics,Google,Electronics,CAMP_003_VAR_D,D,Only 3 Left in Stock — Order Before It's Gone,High demand item. Secure yours before stock runs out. Fast delivery guaranteed.,Buy Now,2024-01-20,616,32,1,1002.71,507.42
CAMP_003,Campaign 3 — Electronics,Google,Electronics,CAMP_003_VAR_D,D,Only 3 Left in Stock — Order Before It's Gone,High demand item. Secure yours before stock runs out. Fast delivery guaranteed.,Buy Now,2024-01-21,561,30,1,650.72,1261.01
CAMP_003,Campaign 3 — Electronics,Google,Electronics,CAMP_003_VAR_D,D,Only 3 Left in Stock — Order Before It's Gone,High demand item. Secure yours before stock runs out. Fast delivery guaranteed.,Buy Now,2024-01-22,818,37,1,1087.03,1176.04
CAMP_003,Campaign 3 — Electronics,Google,Electronics,CAMP_003_VAR_D,D,Only 3 Left in Stock — Order Before It's Gone,High demand item. Secure yours before stock runs out. Fast delivery guaranteed.,Buy Now,2024-01-23,567,31,1,925.82,1029.63
CAMP_003,Campaign 3 — Electronics,Google,Electronics,CAMP_003_VAR_D,D,Only 3 Left in Stock — Order Before It's Gone,High demand item. Secure yours before stock runs out. Fast delivery guaranteed.,Buy Now,2024-01-24,752,34,1,708.63,850.14
CAMP_003,Campaign 3 — Electronics,Google,Electronics,CAMP_003_VAR_D,D,Only 3 Left in Stock — Order Before It's Gone,High demand item. Secure yours before stock runs out. Fast delivery guaranteed.,Buy Now,2024-01-25,570,26,0,280.66,0.0
CAMP_003,Campaign 3 — Electronics,Google,Electronics,CAMP_003_VAR_D,D,Only 3 Left in Stock — Order Before It's Gone,High demand item. Secure yours before stock runs out. Fast delivery guaranteed.,Buy Now,2024-01-26,485,21,1,573.02,880.81
CAMP_003,Campaign 3 — Electronics,Google,Electronics,CAMP_003_VAR_D,D,Only 3 Left in Stock — Order Before It's Gone,High demand item. Secure yours before stock runs out. Fast delivery guaranteed.,Buy Now,2024-01-27,516,22,0,323.16,0.0
CAMP_003,Campaign 3 — Electronics,Google,Electronics,CAMP_003_VAR_D,D,Only 3 Left in Stock — Order Before It's Gone,High demand item. Secure yours before stock runs out. Fast delivery guaranteed.,Buy Now,2024-01-28,605,29,1,641.31,1015.19
CAMP_003,Campaign 3 — Electronics,Google,Electronics,CAMP_003_VAR_D,D,Only 3 Left in Stock — Order Before It's Gone,High demand item. Secure yours before stock runs out. Fast delivery guaranteed.,Buy Now,2024-01-29,750,32,0,500.42,0.0
CAMP_003,Campaign 3 — Electronics,Google,Electronics,CAMP_003_VAR_D,D,Only 3 Left in Stock — Order Before It's Gone,High demand item. Secure yours before stock runs out. Fast delivery guaranteed.,Buy Now,2024-01-30,698,32,1,772.57,873.71
CAMP_003,Campaign 3 — Electronics,Google,Electronics,CAMP_003_VAR_E,E,Get 20% Off Your First Order,New here? Use code FIRST20 at checkout. Limited time offer.,Claim Offer,2024-01-01,627,19,0,500.01,0.0
CAMP_003,Campaign 3 — Electronics,Google,Electronics,CAMP_003_VAR_E,E,Get 20% Off Your First Order,New here? Use code FIRST20 at checkout. Limited time offer.,Claim Offer,2024-01-02,525,15,0,385.91,0.0
CAMP_003,Campaign 3 — Electronics,Google,Electronics,CAMP_003_VAR_E,E,Get 20% Off Your First Order,New here? Use code FIRST20 at checkout. Limited time offer.,Claim Offer,2024-01-03,647,19,1,323.01,1622.59
CAMP_003,Campaign 3 — Electronics,Google,Electronics,CAMP_003_VAR_E,E,Get 20% Off Your First Order,New here? Use code FIRST20 at checkout. Limited time offer.,Claim Offer,2024-01-04,659,23,0,401.24,0.0
CAMP_003,Campaign 3 — Electronics,Google,Electronics,CAMP_003_VAR_E,E,Get 20% Off Your First Order,New here? Use code FIRST20 at checkout. Limited time offer.,Claim Offer,2024-01-05,571,15,0,278.74,0.0
CAMP_003,Campaign 3 — Electronics,Google,Electronics,CAMP_003_VAR_E,E,Get 20% Off Your First Order,New here? Use code FIRST20 at checkout. Limited time offer.,Claim Offer,2024-01-06,573,15,0,245.38,0.0
CAMP_003,Campaign 3 — Electronics,Google,Electronics,CAMP_003_VAR_E,E,Get 20% Off Your First Order,New here? Use code FIRST20 at checkout. Limited time offer.,Claim Offer,2024-01-07,571,18,0,539.21,0.0
CAMP_003,Campaign 3 — Electronics,Google,Electronics,CAMP_003_VAR_E,E,Get 20% Off Your First Order,New here? Use code FIRST20 at checkout. Limited time offer.,Claim Offer,2024-01-08,766,20,0,558.94,0.0
CAMP_003,Campaign 3 — Electronics,Google,Electronics,CAMP_003_VAR_E,E,Get 20% Off Your First Order,New here? Use code FIRST20 at checkout. Limited time offer.,Claim Offer,2024-01-09,553,16,0,407.08,0.0
CAMP_003,Campaign 3 — Electronics,Google,Electronics,CAMP_003_VAR_E,E,Get 20% Off Your First Order,New here? Use code FIRST20 at checkout. Limited time offer.,Claim Offer,2024-01-10,579,17,0,302.43,0.0
CAMP_003,Campaign 3 — Electronics,Google,Electronics,CAMP_003_VAR_E,E,Get 20% Off Your First Order,New here? Use code FIRST20 at checkout. Limited time offer.,Claim Offer,2024-01-11,651,16,0,537.39,0.0
CAMP_003,Campaign 3 — Electronics,Google,Electronics,CAMP_003_VAR_E,E,Get 20% Off Your First Order,New here? Use code FIRST20 at checkout. Limited time offer.,Claim Offer,2024-01-12,778,26,1,304.57,717.16
CAMP_003,Campaign 3 — Electronics,Google,Electronics,CAMP_003_VAR_E,E,Get 20% Off Your First Order,New here? Use code FIRST20 at checkout. Limited time offer.,Claim Offer,2024-01-13,574,16,0,171.69,0.0
CAMP_003,Campaign 3 — Electronics,Google,Electronics,CAMP_003_VAR_E,E,Get 20% Off Your First Order,New here? Use code FIRST20 at checkout. Limited time offer.,Claim Offer,2024-01-14,659,19,0,605.33,0.0
CAMP_003,Campaign 3 — Electronics,Google,Electronics,CAMP_003_VAR_E,E,Get 20% Off Your First Order,New here? Use code FIRST20 at checkout. Limited time offer.,Claim Offer,2024-01-15,694,24,0,688.57,0.0
CAMP_003,Campaign 3 — Electronics,Google,Electronics,CAMP_003_VAR_E,E,Get 20% Off Your First Order,New here? Use code FIRST20 at checkout. Limited time offer.,Claim Offer,2024-01-16,615,16,0,198.09,0.0
CAMP_003,Campaign 3 — Electronics,Google,Electronics,CAMP_003_VAR_E,E,Get 20% Off Your First Order,New here? Use code FIRST20 at checkout. Limited time offer.,Claim Offer,2024-01-17,501,13,0,387.97,0.0
CAMP_003,Campaign 3 — Electronics,Google,Electronics,CAMP_003_VAR_E,E,Get 20% Off Your First Order,New here? Use code FIRST20 at checkout. Limited time offer.,Claim Offer,2024-01-18,629,21,0,400.96,0.0
CAMP_003,Campaign 3 — Electronics,Google,Electronics,CAMP_003_VAR_E,E,Get 20% Off Your First Order,New here? Use code FIRST20 at checkout. Limited time offer.,Claim Offer,2024-01-19,583,17,0,339.89,0.0
CAMP_003,Campaign 3 — Electronics,Google,Electronics,CAMP_003_VAR_E,E,Get 20% Off Your First Order,New here? Use code FIRST20 at checkout. Limited time offer.,Claim Offer,2024-01-20,630,20,0,402.42,0.0
CAMP_003,Campaign 3 — Electronics,Google,Electronics,CAMP_003_VAR_E,E,Get 20% Off Your First Order,New here? Use code FIRST20 at checkout. Limited time offer.,Claim Offer,2024-01-21,871,23,0,686.16,0.0
CAMP_003,Campaign 3 — Electronics,Google,Electronics,CAMP_003_VAR_E,E,Get 20% Off Your First Order,New here? Use code FIRST20 at checkout. Limited time offer.,Claim Offer,2024-01-22,585,18,0,322.77,0.0
CAMP_003,Campaign 3 — Electronics,Google,Electronics,CAMP_003_VAR_E,E,Get 20% Off Your First Order,New here? Use code FIRST20 at checkout. Limited time offer.,Claim Offer,2024-01-23,696,23,1,470.7,1778.22
CAMP_003,Campaign 3 — Electronics,Google,Electronics,CAMP_003_VAR_E,E,Get 20% Off Your First Order,New here? Use code FIRST20 at checkout. Limited time offer.,Claim Offer,2024-01-24,687,19,0,422.59,0.0
CAMP_003,Campaign 3 — Electronics,Google,Electronics,CAMP_003_VAR_E,E,Get 20% Off Your First Order,New here? Use code FIRST20 at checkout. Limited time offer.,Claim Offer,2024-01-25,688,22,1,651.95,1543.65
CAMP_003,Campaign 3 — Electronics,Google,Electronics,CAMP_003_VAR_E,E,Get 20% Off Your First Order,New here? Use code FIRST20 at checkout. Limited time offer.,Claim Offer,2024-01-26,709,21,0,531.55,0.0
CAMP_003,Campaign 3 — Electronics,Google,Electronics,CAMP_003_VAR_E,E,Get 20% Off Your First Order,New here? Use code FIRST20 at checkout. Limited time offer.,Claim Offer,2024-01-27,733,23,1,247.71,1176.36
CAMP_003,Campaign 3 — Electronics,Google,Electronics,CAMP_003_VAR_E,E,Get 20% Off Your First Order,New here? Use code FIRST20 at checkout. Limited time offer.,Claim Offer,2024-01-28,763,23,1,361.02,1591.63
CAMP_003,Campaign 3 — Electronics,Google,Electronics,CAMP_003_VAR_E,E,Get 20% Off Your First Order,New here? Use code FIRST20 at checkout. Limited time offer.,Claim Offer,2024-01-29,616,18,0,583.98,0.0
CAMP_003,Campaign 3 — Electronics,Google,Electronics,CAMP_003_VAR_E,E,Get 20% Off Your First Order,New here? Use code FIRST20 at checkout. Limited time offer.,Claim Offer,2024-01-30,746,19,0,637.51,0.0
CAMP_004,Campaign 4 — Health & Wellness,Meta,Health & Wellness,CAMP_004_VAR_A,A,Last 48 Hours: Up to 50% Off — Shop Now,Don't miss out. Our biggest sale ends soon. Free shipping on all orders above ₹499.,Shop Now,2024-01-01,684,27,1,505.01,980.86
CAMP_004,Campaign 4 — Health & Wellness,Meta,Health & Wellness,CAMP_004_VAR_A,A,Last 48 Hours: Up to 50% Off — Shop Now,Don't miss out. Our biggest sale ends soon. Free shipping on all orders above ₹499.,Shop Now,2024-01-02,651,30,1,306.1,940.63
CAMP_004,Campaign 4 — Health & Wellness,Meta,Health & Wellness,CAMP_004_VAR_A,A,Last 48 Hours: Up to 50% Off — Shop Now,Don't miss out. Our biggest sale ends soon. Free shipping on all orders above ₹499.,Shop Now,2024-01-03,667,28,0,298.91,0.0
CAMP_004,Campaign 4 — Health & Wellness,Meta,Health & Wellness,CAMP_004_VAR_A,A,Last 48 Hours: Up to 50% Off — Shop Now,Don't miss out. Our biggest sale ends soon. Free shipping on all orders above ₹499.,Shop Now,2024-01-04,516,23,1,274.7,869.41
CAMP_004,Campaign 4 — Health & Wellness,Meta,Health & Wellness,CAMP_004_VAR_A,A,Last 48 Hours: Up to 50% Off — Shop Now,Don't miss out. Our biggest sale ends soon. Free shipping on all orders above ₹499.,Shop Now,2024-01-05,711,36,0,747.23,0.0
CAMP_004,Campaign 4 — Health & Wellness,Meta,Health & Wellness,CAMP_004_VAR_A,A,Last 48 Hours: Up to 50% Off — Shop Now,Don't miss out. Our biggest sale ends soon. Free shipping on all orders above ₹499.,Shop Now,2024-01-06,618,26,1,537.32,1462.38
CAMP_004,Campaign 4 — Health & Wellness,Meta,Health & Wellness,CAMP_004_VAR_A,A,Last 48 Hours: Up to 50% Off — Shop Now,Don't miss out. Our biggest sale ends soon. Free shipping on all orders above ₹499.,Shop Now,2024-01-07,672,32,1,272.42,1668.2
CAMP_004,Campaign 4 — Health & Wellness,Meta,Health & Wellness,CAMP_004_VAR_A,A,Last 48 Hours: Up to 50% Off — Shop Now,Don't miss out. Our biggest sale ends soon. Free shipping on all orders above ₹499.,Shop Now,2024-01-08,639,27,0,901.42,0.0
CAMP_004,Campaign 4 — Health & Wellness,Meta,Health & Wellness,CAMP_004_VAR_A,A,Last 48 Hours: Up to 50% Off — Shop Now,Don't miss out. Our biggest sale ends soon. Free shipping on all orders above ₹499.,Shop Now,2024-01-09,707,30,1,868.7,992.56
CAMP_004,Campaign 4 — Health & Wellness,Meta,Health & Wellness,CAMP_004_VAR_A,A,Last 48 Hours: Up to 50% Off — Shop Now,Don't miss out. Our biggest sale ends soon. Free shipping on all orders above ₹499.,Shop Now,2024-01-10,605,25,0,360.95,0.0
CAMP_004,Campaign 4 — Health & Wellness,Meta,Health & Wellness,CAMP_004_VAR_A,A,Last 48 Hours: Up to 50% Off — Shop Now,Don't miss out. Our biggest sale ends soon. Free shipping on all orders above ₹499.,Shop Now,2024-01-11,752,28,1,271.48,1271.93
CAMP_004,Campaign 4 — Health & Wellness,Meta,Health & Wellness,CAMP_004_VAR_A,A,Last 48 Hours: Up to 50% Off — Shop Now,Don't miss out. Our biggest sale ends soon. Free shipping on all orders above ₹499.,Shop Now,2024-01-12,661,25,1,561.84,1099.76
CAMP_004,Campaign 4 — Health & Wellness,Meta,Health & Wellness,CAMP_004_VAR_A,A,Last 48 Hours: Up to 50% Off — Shop Now,Don't miss out. Our biggest sale ends soon. Free shipping on all orders above ₹499.,Shop Now,2024-01-13,764,27,1,739.82,1205.07
CAMP_004,Campaign 4 — Health & Wellness,Meta,Health & Wellness,CAMP_004_VAR_A,A,Last 48 Hours: Up to 50% Off — Shop Now,Don't miss out. Our biggest sale ends soon. Free shipping on all orders above ₹499.,Shop Now,2024-01-14,594,25,0,438.15,0.0
CAMP_004,Campaign 4 — Health & Wellness,Meta,Health & Wellness,CAMP_004_VAR_A,A,Last 48 Hours: Up to 50% Off — Shop Now,Don't miss out. Our biggest sale ends soon. Free shipping on all orders above ₹499.,Shop Now,2024-01-15,800,33,1,859.38,662.24
CAMP_004,Campaign 4 — Health & Wellness,Meta,Health & Wellness,CAMP_004_VAR_A,A,Last 48 Hours: Up to 50% Off — Shop Now,Don't miss out. Our biggest sale ends soon. Free shipping on all orders above ₹499.,Shop Now,2024-01-16,594,29,1,978.52,904.85
CAMP_004,Campaign 4 — Health & Wellness,Meta,Health & Wellness,CAMP_004_VAR_A,A,Last 48 Hours: Up to 50% Off — Shop Now,Don't miss out. Our biggest sale ends soon. Free shipping on all orders above ₹499.,Shop Now,2024-01-17,507,16,0,347.29,0.0
CAMP_004,Campaign 4 — Health & Wellness,Meta,Health & Wellness,CAMP_004_VAR_A,A,Last 48 Hours: Up to 50% Off — Shop Now,Don't miss out. Our biggest sale ends soon. Free shipping on all orders above ₹499.,Shop Now,2024-01-18,691,27,0,247.74,0.0
CAMP_004,Campaign 4 — Health & Wellness,Meta,Health & Wellness,CAMP_004_VAR_A,A,Last 48 Hours: Up to 50% Off — Shop Now,Don't miss out. Our biggest sale ends soon. Free shipping on all orders above ₹499.,Shop Now,2024-01-19,549,24,0,676.26,0.0
CAMP_004,Campaign 4 — Health & Wellness,Meta,Health & Wellness,CAMP_004_VAR_A,A,Last 48 Hours: Up to 50% Off — Shop Now,Don't miss out. Our biggest sale ends soon. Free shipping on all orders above ₹499.,Shop Now,2024-01-20,672,26,0,377.27,0.0
CAMP_004,Campaign 4 — Health & Wellness,Meta,Health & Wellness,CAMP_004_VAR_A,A,Last 48 Hours: Up to 50% Off — Shop Now,Don't miss out. Our biggest sale ends soon. Free shipping on all orders above ₹499.,Shop Now,2024-01-21,523,23,1,545.36,545.13
CAMP_004,Campaign 4 — Health & Wellness,Meta,Health & Wellness,CAMP_004_VAR_A,A,Last 48 Hours: Up to 50% Off — Shop Now,Don't miss out. Our biggest sale ends soon. Free shipping on all orders above ₹499.,Shop Now,2024-01-22,711,29,1,507.85,586.77
CAMP_004,Campaign 4 — Health & Wellness,Meta,Health & Wellness,CAMP_004_VAR_A,A,Last 48 Hours: Up to 50% Off — Shop Now,Don't miss out. Our biggest sale ends soon. Free shipping on all orders above ₹499.,Shop Now,2024-01-23,828,31,1,943.03,1299.91
CAMP_004,Campaign 4 — Health & Wellness,Meta,Health & Wellness,CAMP_004_VAR_A,A,Last 48 Hours: Up to 50% Off — Shop Now,Don't miss out. Our biggest sale ends soon. Free shipping on all orders above ₹499.,Shop Now,2024-01-24,500,19,0,397.49,0.0
CAMP_004,Campaign 4 — Health & Wellness,Meta,Health & Wellness,CAMP_004_VAR_A,A,Last 48 Hours: Up to 50% Off — Shop Now,Don't miss out. Our biggest sale ends soon. Free shipping on all orders above ₹499.,Shop Now,2024-01-25,644,27,0,738.0,0.0
CAMP_004,Campaign 4 — Health & Wellness,Meta,Health & Wellness,CAMP_004_VAR_A,A,Last 48 Hours: Up to 50% Off — Shop Now,Don't miss out. Our biggest sale ends soon. Free shipping on all orders above ₹499.,Shop Now,2024-01-26,625,27,1,362.96,451.78
CAMP_004,Campaign 4 — Health & Wellness,Meta,Health & Wellness,CAMP_004_VAR_A,A,Last 48 Hours: Up to 50% Off — Shop Now,Don't miss out. Our biggest sale ends soon. Free shipping on all orders above ₹499.,Shop Now,2024-01-27,526,25,1,413.03,1640.11
CAMP_004,Campaign 4 — Health & Wellness,Meta,Health & Wellness,CAMP_004_VAR_A,A,Last 48 Hours: Up to 50% Off — Shop Now,Don't miss out. Our biggest sale ends soon. Free shipping on all orders above ₹499.,Shop Now,2024-01-28,640,29,0,870.46,0.0
CAMP_004,Campaign 4 — Health & Wellness,Meta,Health & Wellness,CAMP_004_VAR_A,A,Last 48 Hours: Up to 50% Off — Shop Now,Don't miss out. Our biggest sale ends soon. Free shipping on all orders above ₹499.,Shop Now,2024-01-29,681,29,1,738.52,451.27
CAMP_004,Campaign 4 — Health & Wellness,Meta,Health & Wellness,CAMP_004_VAR_A,A,Last 48 Hours: Up to 50% Off — Shop Now,Don't miss out. Our biggest sale ends soon. Free shipping on all orders above ₹499.,Shop Now,2024-01-30,703,30,0,278.72,0.0
CAMP_004,Campaign 4 — Health & Wellness,Meta,Health & Wellness,CAMP_004_VAR_B,B,Brand Name — Quality You Can Trust,"Discover our latest collection. Premium quality, fair prices.",Learn More,2024-01-01,689,8,0,158.38,0.0
CAMP_004,Campaign 4 — Health & Wellness,Meta,Health & Wellness,CAMP_004_VAR_B,B,Brand Name — Quality You Can Trust,"Discover our latest collection. Premium quality, fair prices.",Learn More,2024-01-02,647,7,0,236.77,0.0
CAMP_004,Campaign 4 — Health & Wellness,Meta,Health & Wellness,CAMP_004_VAR_B,B,Brand Name — Quality You Can Trust,"Discover our latest collection. Premium quality, fair prices.",Learn More,2024-01-03,620,7,0,186.8,0.0
CAMP_004,Campaign 4 — Health & Wellness,Meta,Health & Wellness,CAMP_004_VAR_B,B,Brand Name — Quality You Can Trust,"Discover our latest collection. Premium quality, fair prices.",Learn More,2024-01-04,565,7,0,106.41,0.0
CAMP_004,Campaign 4 — Health & Wellness,Meta,Health & Wellness,CAMP_004_VAR_B,B,Brand Name — Quality You Can Trust,"Discover our latest collection. Premium quality, fair prices.",Learn More,2024-01-05,625,5,0,98.13,0.0
CAMP_004,Campaign 4 — Health & Wellness,Meta,Health & Wellness,CAMP_004_VAR_B,B,Brand Name — Quality You Can Trust,"Discover our latest collection. Premium quality, fair prices.",Learn More,2024-01-06,641,6,0,95.59,0.0
CAMP_004,Campaign 4 — Health & Wellness,Meta,Health & Wellness,CAMP_004_VAR_B,B,Brand Name — Quality You Can Trust,"Discover our latest collection. Premium quality, fair prices.",Learn More,2024-01-07,708,7,0,111.88,0.0
CAMP_004,Campaign 4 — Health & Wellness,Meta,Health & Wellness,CAMP_004_VAR_B,B,Brand Name — Quality You Can Trust,"Discover our latest collection. Premium quality, fair prices.",Learn More,2024-01-08,587,5,0,62.5,0.0
CAMP_004,Campaign 4 — Health & Wellness,Meta,Health & Wellness,CAMP_004_VAR_B,B,Brand Name — Quality You Can Trust,"Discover our latest collection. Premium quality, fair prices.",Learn More,2024-01-09,586,4,0,110.5,0.0
CAMP_004,Campaign 4 — Health & Wellness,Meta,Health & Wellness,CAMP_004_VAR_B,B,Brand Name — Quality You Can Trust,"Discover our latest collection. Premium quality, fair prices.",Learn More,2024-01-10,479,5,0,98.72,0.0
CAMP_004,Campaign 4 — Health & Wellness,Meta,Health & Wellness,CAMP_004_VAR_B,B,Brand Name — Quality You Can Trust,"Discover our latest collection. Premium quality, fair prices.",Learn More,2024-01-11,703,8,0,76.39,0.0
CAMP_004,Campaign 4 — Health & Wellness,Meta,Health & Wellness,CAMP_004_VAR_B,B,Brand Name — Quality You Can Trust,"Discover our latest collection. Premium quality, fair prices.",Learn More,2024-01-12,537,5,0,109.27,0.0
CAMP_004,Campaign 4 — Health & Wellness,Meta,Health & Wellness,CAMP_004_VAR_B,B,Brand Name — Quality You Can Trust,"Discover our latest collection. Premium quality, fair prices.",Learn More,2024-01-13,628,6,0,53.04,0.0
CAMP_004,Campaign 4 — Health & Wellness,Meta,Health & Wellness,CAMP_004_VAR_B,B,Brand Name — Quality You Can Trust,"Discover our latest collection. Premium quality, fair prices.",Learn More,2024-01-14,771,9,0,178.48,0.0
CAMP_004,Campaign 4 — Health & Wellness,Meta,Health & Wellness,CAMP_004_VAR_B,B,Brand Name — Quality You Can Trust,"Discover our latest collection. Premium quality, fair prices.",Learn More,2024-01-15,608,6,0,152.52,0.0
CAMP_004,Campaign 4 — Health & Wellness,Meta,Health & Wellness,CAMP_004_VAR_B,B,Brand Name — Quality You Can Trust,"Discover our latest collection. Premium quality, fair prices.",Learn More,2024-01-16,648,5,0,44.37,0.0
CAMP_004,Campaign 4 — Health & Wellness,Meta,Health & Wellness,CAMP_004_VAR_B,B,Brand Name — Quality You Can Trust,"Discover our latest collection. Premium quality, fair prices.",Learn More,2024-01-17,605,6,0,108.1,0.0
CAMP_004,Campaign 4 — Health & Wellness,Meta,Health & Wellness,CAMP_004_VAR_B,B,Brand Name — Quality You Can Trust,"Discover our latest collection. Premium quality, fair prices.",Learn More,2024-01-18,534,5,0,58.59,0.0
CAMP_004,Campaign 4 — Health & Wellness,Meta,Health & Wellness,CAMP_004_VAR_B,B,Brand Name — Quality You Can Trust,"Discover our latest collection. Premium quality, fair prices.",Learn More,2024-01-19,798,9,0,139.72,0.0
CAMP_004,Campaign 4 — Health & Wellness,Meta,Health & Wellness,CAMP_004_VAR_B,B,Brand Name — Quality You Can Trust,"Discover our latest collection. Premium quality, fair prices.",Learn More,2024-01-20,575,6,0,78.14,0.0
CAMP_004,Campaign 4 — Health & Wellness,Meta,Health & Wellness,CAMP_004_VAR_B,B,Brand Name — Quality You Can Trust,"Discover our latest collection. Premium quality, fair prices.",Learn More,2024-01-21,761,9,0,100.62,0.0
CAMP_004,Campaign 4 — Health & Wellness,Meta,Health & Wellness,CAMP_004_VAR_B,B,Brand Name — Quality You Can Trust,"Discover our latest collection. Premium quality, fair prices.",Learn More,2024-01-22,634,6,0,82.76,0.0
CAMP_004,Campaign 4 — Health & Wellness,Meta,Health & Wellness,CAMP_004_VAR_B,B,Brand Name — Quality You Can Trust,"Discover our latest collection. Premium quality, fair prices.",Learn More,2024-01-23,695,7,0,244.74,0.0
CAMP_004,Campaign 4 — Health & Wellness,Meta,Health & Wellness,CAMP_004_VAR_B,B,Brand Name — Quality You Can Trust,"Discover our latest collection. Premium quality, fair prices.",Learn More,2024-01-24,713,8,0,80.0,0.0
CAMP_004,Campaign 4 — Health & Wellness,Meta,Health & Wellness,CAMP_004_VAR_B,B,Brand Name — Quality You Can Trust,"Discover our latest collection. Premium quality, fair prices.",Learn More,2024-01-25,728,7,0,244.48,0.0
CAMP_004,Campaign 4 — Health & Wellness,Meta,Health & Wellness,CAMP_004_VAR_B,B,Brand Name — Quality You Can Trust,"Discover our latest collection. Premium quality, fair prices.",Learn More,2024-01-26,753,8,0,277.1,0.0
CAMP_004,Campaign 4 — Health & Wellness,Meta,Health & Wellness,CAMP_004_VAR_B,B,Brand Name — Quality You Can Trust,"Discover our latest collection. Premium quality, fair prices.",Learn More,2024-01-27,825,8,0,182.8,0.0
CAMP_004,Campaign 4 — Health & Wellness,Meta,Health & Wellness,CAMP_004_VAR_B,B,Brand Name — Quality You Can Trust,"Discover our latest collection. Premium quality, fair prices.",Learn More,2024-01-28,793,8,0,98.02,0.0
CAMP_004,Campaign 4 — Health & Wellness,Meta,Health & Wellness,CAMP_004_VAR_B,B,Brand Name — Quality You Can Trust,"Discover our latest collection. Premium quality, fair prices.",Learn More,2024-01-29,567,5,0,63.5,0.0
CAMP_004,Campaign 4 — Health & Wellness,Meta,Health & Wellness,CAMP_004_VAR_B,B,Brand Name — Quality You Can Trust,"Discover our latest collection. Premium quality, fair prices.",Learn More,2024-01-30,598,6,0,207.59,0.0
CAMP_004,Campaign 4 — Health & Wellness,Meta,Health & Wellness,CAMP_004_VAR_C,C,"Over 10,000 Happy Customers Can't Be Wrong",Join thousands who've transformed their routine. Rated 4.8/5 stars.,See Reviews,2024-01-01,451,15,0,266.16,0.0
CAMP_004,Campaign 4 — Health & Wellness,Meta,Health & Wellness,CAMP_004_VAR_C,C,"Over 10,000 Happy Customers Can't Be Wrong",Join thousands who've transformed their routine. Rated 4.8/5 stars.,See Reviews,2024-01-02,416,18,0,621.74,0.0
CAMP_004,Campaign 4 — Health & Wellness,Meta,Health & Wellness,CAMP_004_VAR_C,C,"Over 10,000 Happy Customers Can't Be Wrong",Join thousands who've transformed their routine. Rated 4.8/5 stars.,See Reviews,2024-01-03,526,20,0,195.5,0.0
CAMP_004,Campaign 4 — Health & Wellness,Meta,Health & Wellness,CAMP_004_VAR_C,C,"Over 10,000 Happy Customers Can't Be Wrong",Join thousands who've transformed their routine. Rated 4.8/5 stars.,See Reviews,2024-01-04,420,15,0,313.86,0.0
CAMP_004,Campaign 4 — Health & Wellness,Meta,Health & Wellness,CAMP_004_VAR_C,C,"Over 10,000 Happy Customers Can't Be Wrong",Join thousands who've transformed their routine. Rated 4.8/5 stars.,See Reviews,2024-01-05,456,15,0,352.83,0.0
CAMP_004,Campaign 4 — Health & Wellness,Meta,Health & Wellness,CAMP_004_VAR_C,C,"Over 10,000 Happy Customers Can't Be Wrong",Join thousands who've transformed their routine. Rated 4.8/5 stars.,See Reviews,2024-01-06,402,12,0,120.03,0.0
CAMP_004,Campaign 4 — Health & Wellness,Meta,Health & Wellness,CAMP_004_VAR_C,C,"Over 10,000 Happy Customers Can't Be Wrong",Join thousands who've transformed their routine. Rated 4.8/5 stars.,See Reviews,2024-01-07,443,17,0,194.91,0.0
CAMP_004,Campaign 4 — Health & Wellness,Meta,Health & Wellness,CAMP_004_VAR_C,C,"Over 10,000 Happy Customers Can't Be Wrong",Join thousands who've transformed their routine. Rated 4.8/5 stars.,See Reviews,2024-01-08,388,16,0,381.92,0.0
CAMP_004,Campaign 4 — Health & Wellness,Meta,Health & Wellness,CAMP_004_VAR_C,C,"Over 10,000 Happy Customers Can't Be Wrong",Join thousands who've transformed their routine. Rated 4.8/5 stars.,See Reviews,2024-01-09,341,10,0,215.77,0.0
CAMP_004,Campaign 4 — Health & Wellness,Meta,Health & Wellness,CAMP_004_VAR_C,C,"Over 10,000 Happy Customers Can't Be Wrong",Join thousands who've transformed their routine. Rated 4.8/5 stars.,See Reviews,2024-01-10,432,17,0,373.81,0.0
CAMP_004,Campaign 4 — Health & Wellness,Meta,Health & Wellness,CAMP_004_VAR_C,C,"Over 10,000 Happy Customers Can't Be Wrong",Join thousands who've transformed their routine. Rated 4.8/5 stars.,See Reviews,2024-01-11,523,18,0,598.28,0.0
CAMP_004,Campaign 4 — Health & Wellness,Meta,Health & Wellness,CAMP_004_VAR_C,C,"Over 10,000 Happy Customers Can't Be Wrong",Join thousands who've transformed their routine. Rated 4.8/5 stars.,See Reviews,2024-01-12,486,17,0,374.17,0.0
CAMP_004,Campaign 4 — Health & Wellness,Meta,Health & Wellness,CAMP_004_VAR_C,C,"Over 10,000 Happy Customers Can't Be Wrong",Join thousands who've transformed their routine. Rated 4.8/5 stars.,See Reviews,2024-01-13,407,16,0,212.8,0.0
CAMP_004,Campaign 4 — Health & Wellness,Meta,Health & Wellness,CAMP_004_VAR_C,C,"Over 10,000 Happy Customers Can't Be Wrong",Join thousands who've transformed their routine. Rated 4.8/5 stars.,See Reviews,2024-01-14,459,14,0,348.26,0.0
CAMP_004,Campaign 4 — Health & Wellness,Meta,Health & Wellness,CAMP_004_VAR_C,C,"Over 10,000 Happy Customers Can't Be Wrong",Join thousands who've transformed their routine. Rated 4.8/5 stars.,See Reviews,2024-01-15,510,21,0,531.44,0.0
CAMP_004,Campaign 4 — Health & Wellness,Meta,Health & Wellness,CAMP_004_VAR_C,C,"Over 10,000 Happy Customers Can't Be Wrong",Join thousands who've transformed their routine. Rated 4.8/5 stars.,See Reviews,2024-01-16,379,14,0,176.71,0.0
CAMP_004,Campaign 4 — Health & Wellness,Meta,Health & Wellness,CAMP_004_VAR_C,C,"Over 10,000 Happy Customers Can't Be Wrong",Join thousands who've transformed their routine. Rated 4.8/5 stars.,See Reviews,2024-01-17,449,17,0,290.97,0.0
CAMP_004,Campaign 4 — Health & Wellness,Meta,Health & Wellness,CAMP_004_VAR_C,C,"Over 10,000 Happy Customers Can't Be Wrong",Join thousands who've transformed their routine. Rated 4.8/5 stars.,See Reviews,2024-01-18,383,13,0,407.19,0.0
CAMP_004,Campaign 4 — Health & Wellness,Meta,Health & Wellness,CAMP_004_VAR_C,C,"Over 10,000 Happy Customers Can't Be Wrong",Join thousands who've transformed their routine. Rated 4.8/5 stars.,See Reviews,2024-01-19,416,17,0,489.9,0.0
CAMP_004,Campaign 4 — Health & Wellness,Meta,Health & Wellness,CAMP_004_VAR_C,C,"Over 10,000 Happy Customers Can't Be Wrong",Join thousands who've transformed their routine. Rated 4.8/5 stars.,See Reviews,2024-01-20,452,16,0,375.16,0.0
CAMP_004,Campaign 4 — Health & Wellness,Meta,Health & Wellness,CAMP_004_VAR_C,C,"Over 10,000 Happy Customers Can't Be Wrong",Join thousands who've transformed their routine. Rated 4.8/5 stars.,See Reviews,2024-01-21,466,12,0,384.03,0.0
CAMP_004,Campaign 4 — Health & Wellness,Meta,Health & Wellness,CAMP_004_VAR_C,C,"Over 10,000 Happy Customers Can't Be Wrong",Join thousands who've transformed their routine. Rated 4.8/5 stars.,See Reviews,2024-01-22,490,14,0,226.19,0.0
CAMP_004,Campaign 4 — Health & Wellness,Meta,Health & Wellness,CAMP_004_VAR_C,C,"Over 10,000 Happy Customers Can't Be Wrong",Join thousands who've transformed their routine. Rated 4.8/5 stars.,See Reviews,2024-01-23,395,12,0,227.57,0.0
CAMP_004,Campaign 4 — Health & Wellness,Meta,Health & Wellness,CAMP_004_VAR_C,C,"Over 10,000 Happy Customers Can't Be Wrong",Join thousands who've transformed their routine. Rated 4.8/5 stars.,See Reviews,2024-01-24,337,13,0,159.49,0.0
CAMP_004,Campaign 4 — Health & Wellness,Meta,Health & Wellness,CAMP_004_VAR_C,C,"Over 10,000 Happy Customers Can't Be Wrong",Join thousands who've transformed their routine. Rated 4.8/5 stars.,See Reviews,2024-01-25,388,14,0,240.59,0.0
CAMP_004,Campaign 4 — Health & Wellness,Meta,Health & Wellness,CAMP_004_VAR_C,C,"Over 10,000 Happy Customers Can't Be Wrong",Join thousands who've transformed their routine. Rated 4.8/5 stars.,See Reviews,2024-01-26,415,16,0,265.94,0.0
CAMP_004,Campaign 4 — Health & Wellness,Meta,Health & Wellness,CAMP_004_VAR_C,C,"Over 10,000 Happy Customers Can't Be Wrong",Join thousands who've transformed their routine. Rated 4.8/5 stars.,See Reviews,2024-01-27,423,13,0,243.95,0.0
CAMP_004,Campaign 4 — Health & Wellness,Meta,Health & Wellness,CAMP_004_VAR_C,C,"Over 10,000 Happy Customers Can't Be Wrong",Join thousands who've transformed their routine. Rated 4.8/5 stars.,See Reviews,2024-01-28,480,16,0,173.87,0.0
CAMP_004,Campaign 4 — Health & Wellness,Meta,Health & Wellness,CAMP_004_VAR_C,C,"Over 10,000 Happy Customers Can't Be Wrong",Join thousands who've transformed their routine. Rated 4.8/5 stars.,See Reviews,2024-01-29,320,11,0,221.53,0.0
CAMP_004,Campaign 4 — Health & Wellness,Meta,Health & Wellness,CAMP_004_VAR_C,C,"Over 10,000 Happy Customers Can't Be Wrong",Join thousands who've transformed their routine. Rated 4.8/5 stars.,See Reviews,2024-01-30,512,20,0,670.51,0.0
CAMP_004,Campaign 4 — Health & Wellness,Meta,Health & Wellness,CAMP_004_VAR_D,D,Only 3 Left in Stock — Order Before It's Gone,High demand item. Secure yours before stock runs out. Fast delivery guaranteed.,Buy Now,2024-01-01,685,31,0,381.67,0.0
CAMP_004,Campaign 4 — Health & Wellness,Meta,Health & Wellness,CAMP_004_VAR_D,D,Only 3 Left in Stock — Order Before It's Gone,High demand item. Secure yours before stock runs out. Fast delivery guaranteed.,Buy Now,2024-01-02,688,39,1,641.29,1208.76
CAMP_004,Campaign 4 — Health & Wellness,Meta,Health & Wellness,CAMP_004_VAR_D,D,Only 3 Left in Stock — Order Before It's Gone,High demand item. Secure yours before stock runs out. Fast delivery guaranteed.,Buy Now,2024-01-03,764,38,1,832.11,1097.57
CAMP_004,Campaign 4 — Health & Wellness,Meta,Health & Wellness,CAMP_004_VAR_D,D,Only 3 Left in Stock — Order Before It's Gone,High demand item. Secure yours before stock runs out. Fast delivery guaranteed.,Buy Now,2024-01-04,835,41,1,353.66,831.96
CAMP_004,Campaign 4 — Health & Wellness,Meta,Health & Wellness,CAMP_004_VAR_D,D,Only 3 Left in Stock — Order Before It's Gone,High demand item. Secure yours before stock runs out. Fast delivery guaranteed.,Buy Now,2024-01-05,695,32,1,1091.22,1107.62
CAMP_004,Campaign 4 — Health & Wellness,Meta,Health & Wellness,CAMP_004_VAR_D,D,Only 3 Left in Stock — Order Before It's Gone,High demand item. Secure yours before stock runs out. Fast delivery guaranteed.,Buy Now,2024-01-06,715,34,0,318.4,0.0
CAMP_004,Campaign 4 — Health & Wellness,Meta,Health & Wellness,CAMP_004_VAR_D,D,Only 3 Left in Stock — Order Before It's Gone,High demand item. Secure yours before stock runs out. Fast delivery guaranteed.,Buy Now,2024-01-07,802,38,1,975.27,1635.28
CAMP_004,Campaign 4 — Health & Wellness,Meta,Health & Wellness,CAMP_004_VAR_D,D,Only 3 Left in Stock — Order Before It's Gone,High demand item. Secure yours before stock runs out. Fast delivery guaranteed.,Buy Now,2024-01-08,802,38,1,1173.2,1151.37
CAMP_004,Campaign 4 — Health & Wellness,Meta,Health & Wellness,CAMP_004_VAR_D,D,Only 3 Left in Stock — Order Before It's Gone,High demand item. Secure yours before stock runs out. Fast delivery guaranteed.,Buy Now,2024-01-09,731,28,1,774.0,1635.44
CAMP_004,Campaign 4 — Health & Wellness,Meta,Health & Wellness,CAMP_004_VAR_D,D,Only 3 Left in Stock — Order Before It's Gone,High demand item. Secure yours before stock runs out. Fast delivery guaranteed.,Buy Now,2024-01-10,822,40,2,752.63,1824.62
CAMP_004,Campaign 4 — Health & Wellness,Meta,Health & Wellness,CAMP_004_VAR_D,D,Only 3 Left in Stock — Order Before It's Gone,High demand item. Secure yours before stock runs out. Fast delivery guaranteed.,Buy Now,2024-01-11,831,28,1,642.24,672.52
CAMP_004,Campaign 4 — Health & Wellness,Meta,Health & Wellness,CAMP_004_VAR_D,D,Only 3 Left in Stock — Order Before It's Gone,High demand item. Secure yours before stock runs out. Fast delivery guaranteed.,Buy Now,2024-01-12,949,44,1,1260.11,1105.96
CAMP_004,Campaign 4 — Health & Wellness,Meta,Health & Wellness,CAMP_004_VAR_D,D,Only 3 Left in Stock — Order Before It's Gone,High demand item. Secure yours before stock runs out. Fast delivery guaranteed.,Buy Now,2024-01-13,843,36,1,949.35,1784.73
CAMP_004,Campaign 4 — Health & Wellness,Meta,Health & Wellness,CAMP_004_VAR_D,D,Only 3 Left in Stock — Order Before It's Gone,High demand item. Secure yours before stock runs out. Fast delivery guaranteed.,Buy Now,2024-01-14,789,33,0,614.97,0.0
CAMP_004,Campaign 4 — Health & Wellness,Meta,Health & Wellness,CAMP_004_VAR_D,D,Only 3 Left in Stock — Order Before It's Gone,High demand item. Secure yours before stock runs out. Fast delivery guaranteed.,Buy Now,2024-01-15,655,37,1,1234.01,874.72
CAMP_004,Campaign 4 — Health & Wellness,Meta,Health & Wellness,CAMP_004_VAR_D,D,Only 3 Left in Stock — Order Before It's Gone,High demand item. Secure yours before stock runs out. Fast delivery guaranteed.,Buy Now,2024-01-16,702,34,1,739.37,678.68
CAMP_004,Campaign 4 — Health & Wellness,Meta,Health & Wellness,CAMP_004_VAR_D,D,Only 3 Left in Stock — Order Before It's Gone,High demand item. Secure yours before stock runs out. Fast delivery guaranteed.,Buy Now,2024-01-17,817,41,1,479.7,463.42
CAMP_004,Campaign 4 — Health & Wellness,Meta,Health & Wellness,CAMP_004_VAR_D,D,Only 3 Left in Stock — Order Before It's Gone,High demand item. Secure yours before stock runs out. Fast delivery guaranteed.,Buy Now,2024-01-18,739,36,1,732.19,1063.24
CAMP_004,Campaign 4 — Health & Wellness,Meta,Health & Wellness,CAMP_004_VAR_D,D,Only 3 Left in Stock — Order Before It's Gone,High demand item. Secure yours before stock runs out. Fast delivery guaranteed.,Buy Now,2024-01-19,984,46,2,775.33,2243.42
CAMP_004,Campaign 4 — Health & Wellness,Meta,Health & Wellness,CAMP_004_VAR_D,D,Only 3 Left in Stock — Order Before It's Gone,High demand item. Secure yours before stock runs out. Fast delivery guaranteed.,Buy Now,2024-01-20,745,39,1,1355.12,627.5
CAMP_004,Campaign 4 — Health & Wellness,Meta,Health & Wellness,CAMP_004_VAR_D,D,Only 3 Left in Stock — Order Before It's Gone,High demand item. Secure yours before stock runs out. Fast delivery guaranteed.,Buy Now,2024-01-21,843,45,2,768.69,1637.86
CAMP_004,Campaign 4 — Health & Wellness,Meta,Health & Wellness,CAMP_004_VAR_D,D,Only 3 Left in Stock — Order Before It's Gone,High demand item. Secure yours before stock runs out. Fast delivery guaranteed.,Buy Now,2024-01-22,792,33,1,895.49,1145.28
CAMP_004,Campaign 4 — Health & Wellness,Meta,Health & Wellness,CAMP_004_VAR_D,D,Only 3 Left in Stock — Order Before It's Gone,High demand item. Secure yours before stock runs out. Fast delivery guaranteed.,Buy Now,2024-01-23,900,38,1,681.94,1542.05
CAMP_004,Campaign 4 — Health & Wellness,Meta,Health & Wellness,CAMP_004_VAR_D,D,Only 3 Left in Stock — Order Before It's Gone,High demand item. Secure yours before stock runs out. Fast delivery guaranteed.,Buy Now,2024-01-24,756,33,1,784.08,1771.86
CAMP_004,Campaign 4 — Health & Wellness,Meta,Health & Wellness,CAMP_004_VAR_D,D,Only 3 Left in Stock — Order Before It's Gone,High demand item. Secure yours before stock runs out. Fast delivery guaranteed.,Buy Now,2024-01-25,716,35,1,930.2,1415.45
CAMP_004,Campaign 4 — Health & Wellness,Meta,Health & Wellness,CAMP_004_VAR_D,D,Only 3 Left in Stock — Order Before It's Gone,High demand item. Secure yours before stock runs out. Fast delivery guaranteed.,Buy Now,2024-01-26,758,37,0,1262.1,0.0
CAMP_004,Campaign 4 — Health & Wellness,Meta,Health & Wellness,CAMP_004_VAR_D,D,Only 3 Left in Stock — Order Before It's Gone,High demand item. Secure yours before stock runs out. Fast delivery guaranteed.,Buy Now,2024-01-27,898,45,2,1061.83,2973.25
CAMP_004,Campaign 4 — Health & Wellness,Meta,Health & Wellness,CAMP_004_VAR_D,D,Only 3 Left in Stock — Order Before It's Gone,High demand item. Secure yours before stock runs out. Fast delivery guaranteed.,Buy Now,2024-01-28,696,36,1,453.74,1216.93
CAMP_004,Campaign 4 — Health & Wellness,Meta,Health & Wellness,CAMP_004_VAR_D,D,Only 3 Left in Stock — Order Before It's Gone,High demand item. Secure yours before stock runs out. Fast delivery guaranteed.,Buy Now,2024-01-29,852,35,1,1074.9,1267.63
CAMP_004,Campaign 4 — Health & Wellness,Meta,Health & Wellness,CAMP_004_VAR_D,D,Only 3 Left in Stock — Order Before It's Gone,High demand item. Secure yours before stock runs out. Fast delivery guaranteed.,Buy Now,2024-01-30,788,40,1,354.1,1353.02
CAMP_004,Campaign 4 — Health & Wellness,Meta,Health & Wellness,CAMP_004_VAR_E,E,Get 20% Off Your First Order,New here? Use code FIRST20 at checkout. Limited time offer.,Claim Offer,2024-01-01,369,12,0,231.68,0.0
CAMP_004,Campaign 4 — Health & Wellness,Meta,Health & Wellness,CAMP_004_VAR_E,E,Get 20% Off Your First Order,New here? Use code FIRST20 at checkout. Limited time offer.,Claim Offer,2024-01-02,377,11,0,237.04,0.0
CAMP_004,Campaign 4 — Health & Wellness,Meta,Health & Wellness,CAMP_004_VAR_E,E,Get 20% Off Your First Order,New here? Use code FIRST20 at checkout. Limited time offer.,Claim Offer,2024-01-03,376,10,0,309.06,0.0
CAMP_004,Campaign 4 — Health & Wellness,Meta,Health & Wellness,CAMP_004_VAR_E,E,Get 20% Off Your First Order,New here? Use code FIRST20 at checkout. Limited time offer.,Claim Offer,2024-01-04,323,8,0,176.04,0.0
CAMP_004,Campaign 4 — Health & Wellness,Meta,Health & Wellness,CAMP_004_VAR_E,E,Get 20% Off Your First Order,New here? Use code FIRST20 at checkout. Limited time offer.,Claim Offer,2024-01-05,479,12,0,250.99,0.0
CAMP_004,Campaign 4 — Health & Wellness,Meta,Health & Wellness,CAMP_004_VAR_E,E,Get 20% Off Your First Order,New here? Use code FIRST20 at checkout. Limited time offer.,Claim Offer,2024-01-06,329,7,0,142.88,0.0
CAMP_004,Campaign 4 — Health & Wellness,Meta,Health & Wellness,CAMP_004_VAR_E,E,Get 20% Off Your First Order,New here? Use code FIRST20 at checkout. Limited time offer.,Claim Offer,2024-01-07,349,8,0,209.99,0.0
CAMP_004,Campaign 4 — Health & Wellness,Meta,Health & Wellness,CAMP_004_VAR_E,E,Get 20% Off Your First Order,New here? Use code FIRST20 at checkout. Limited time offer.,Claim Offer,2024-01-08,481,15,0,445.48,0.0
CAMP_004,Campaign 4 — Health & Wellness,Meta,Health & Wellness,CAMP_004_VAR_E,E,Get 20% Off Your First Order,New here? Use code FIRST20 at checkout. Limited time offer.,Claim Offer,2024-01-09,346,12,0,406.18,0.0
CAMP_004,Campaign 4 — Health & Wellness,Meta,Health & Wellness,CAMP_004_VAR_E,E,Get 20% Off Your First Order,New here? Use code FIRST20 at checkout. Limited time offer.,Claim Offer,2024-01-10,443,12,0,401.04,0.0
CAMP_004,Campaign 4 — Health & Wellness,Meta,Health & Wellness,CAMP_004_VAR_E,E,Get 20% Off Your First Order,New here? Use code FIRST20 at checkout. Limited time offer.,Claim Offer,2024-01-11,241,8,0,216.26,0.0
CAMP_004,Campaign 4 — Health & Wellness,Meta,Health & Wellness,CAMP_004_VAR_E,E,Get 20% Off Your First Order,New here? Use code FIRST20 at checkout. Limited time offer.,Claim Offer,2024-01-12,306,7,0,146.68,0.0
CAMP_004,Campaign 4 — Health & Wellness,Meta,Health & Wellness,CAMP_004_VAR_E,E,Get 20% Off Your First Order,New here? Use code FIRST20 at checkout. Limited time offer.,Claim Offer,2024-01-13,446,16,0,439.76,0.0
CAMP_004,Campaign 4 — Health & Wellness,Meta,Health & Wellness,CAMP_004_VAR_E,E,Get 20% Off Your First Order,New here? Use code FIRST20 at checkout. Limited time offer.,Claim Offer,2024-01-14,466,14,0,317.33,0.0
CAMP_004,Campaign 4 — Health & Wellness,Meta,Health & Wellness,CAMP_004_VAR_E,E,Get 20% Off Your First Order,New here? Use code FIRST20 at checkout. Limited time offer.,Claim Offer,2024-01-15,421,13,0,225.14,0.0
CAMP_004,Campaign 4 — Health & Wellness,Meta,Health & Wellness,CAMP_004_VAR_E,E,Get 20% Off Your First Order,New here? Use code FIRST20 at checkout. Limited time offer.,Claim Offer,2024-01-16,430,12,0,109.63,0.0
CAMP_004,Campaign 4 — Health & Wellness,Meta,Health & Wellness,CAMP_004_VAR_E,E,Get 20% Off Your First Order,New here? Use code FIRST20 at checkout. Limited time offer.,Claim Offer,2024-01-17,392,11,0,362.43,0.0
CAMP_004,Campaign 4 — Health & Wellness,Meta,Health & Wellness,CAMP_004_VAR_E,E,Get 20% Off Your First Order,New here? Use code FIRST20 at checkout. Limited time offer.,Claim Offer,2024-01-18,342,9,0,124.0,0.0
CAMP_004,Campaign 4 — Health & Wellness,Meta,Health & Wellness,CAMP_004_VAR_E,E,Get 20% Off Your First Order,New here? Use code FIRST20 at checkout. Limited time offer.,Claim Offer,2024-01-19,288,8,0,185.4,0.0
CAMP_004,Campaign 4 — Health & Wellness,Meta,Health & Wellness,CAMP_004_VAR_E,E,Get 20% Off Your First Order,New here? Use code FIRST20 at checkout. Limited time offer.,Claim Offer,2024-01-20,329,8,0,224.03,0.0
CAMP_004,Campaign 4 — Health & Wellness,Meta,Health & Wellness,CAMP_004_VAR_E,E,Get 20% Off Your First Order,New here? Use code FIRST20 at checkout. Limited time offer.,Claim Offer,2024-01-21,397,13,0,421.72,0.0
CAMP_004,Campaign 4 — Health & Wellness,Meta,Health & Wellness,CAMP_004_VAR_E,E,Get 20% Off Your First Order,New here? Use code FIRST20 at checkout. Limited time offer.,Claim Offer,2024-01-22,439,10,0,107.05,0.0
CAMP_004,Campaign 4 — Health & Wellness,Meta,Health & Wellness,CAMP_004_VAR_E,E,Get 20% Off Your First Order,New here? Use code FIRST20 at checkout. Limited time offer.,Claim Offer,2024-01-23,329,10,0,263.92,0.0
CAMP_004,Campaign 4 — Health & Wellness,Meta,Health & Wellness,CAMP_004_VAR_E,E,Get 20% Off Your First Order,New here? Use code FIRST20 at checkout. Limited time offer.,Claim Offer,2024-01-24,329,9,0,309.63,0.0
CAMP_004,Campaign 4 — Health & Wellness,Meta,Health & Wellness,CAMP_004_VAR_E,E,Get 20% Off Your First Order,New here? Use code FIRST20 at checkout. Limited time offer.,Claim Offer,2024-01-25,418,10,0,317.77,0.0
CAMP_004,Campaign 4 — Health & Wellness,Meta,Health & Wellness,CAMP_004_VAR_E,E,Get 20% Off Your First Order,New here? Use code FIRST20 at checkout. Limited time offer.,Claim Offer,2024-01-26,392,9,0,255.69,0.0
CAMP_004,Campaign 4 — Health & Wellness,Meta,Health & Wellness,CAMP_004_VAR_E,E,Get 20% Off Your First Order,New here? Use code FIRST20 at checkout. Limited time offer.,Claim Offer,2024-01-27,351,10,0,95.97,0.0
CAMP_004,Campaign 4 — Health & Wellness,Meta,Health & Wellness,CAMP_004_VAR_E,E,Get 20% Off Your First Order,New here? Use code FIRST20 at checkout. Limited time offer.,Claim Offer,2024-01-28,294,8,0,114.16,0.0
CAMP_004,Campaign 4 — Health & Wellness,Meta,Health & Wellness,CAMP_004_VAR_E,E,Get 20% Off Your First Order,New here? Use code FIRST20 at checkout. Limited time offer.,Claim Offer,2024-01-29,385,11,0,99.08,0.0
CAMP_004,Campaign 4 — Health & Wellness,Meta,Health & Wellness,CAMP_004_VAR_E,E,Get 20% Off Your First Order,New here? Use code FIRST20 at checkout. Limited time offer.,Claim Offer,2024-01-30,399,13,0,398.0,0.0
CAMP_005,Campaign 5 — Health & Wellness,Meta,Health & Wellness,CAMP_005_VAR_A,A,Last 48 Hours: Up to 50% Off — Shop Now,Don't miss out. Our biggest sale ends soon. Free shipping on all orders above ₹499.,Shop Now,2024-01-01,822,33,0,1041.21,0.0
CAMP_005,Campaign 5 — Health & Wellness,Meta,Health & Wellness,CAMP_005_VAR_A,A,Last 48 Hours: Up to 50% Off — Shop Now,Don't miss out. Our biggest sale ends soon. Free shipping on all orders above ₹499.,Shop Now,2024-01-02,822,36,1,578.04,452.45
CAMP_005,Campaign 5 — Health & Wellness,Meta,Health & Wellness,CAMP_005_VAR_A,A,Last 48 Hours: Up to 50% Off — Shop Now,Don't miss out. Our biggest sale ends soon. Free shipping on all orders above ₹499.,Shop Now,2024-01-03,813,34,1,579.57,1699.84
CAMP_005,Campaign 5 — Health & Wellness,Meta,Health & Wellness,CAMP_005_VAR_A,A,Last 48 Hours: Up to 50% Off — Shop Now,Don't miss out. Our biggest sale ends soon. Free shipping on all orders above ₹499.,Shop Now,2024-01-04,722,28,1,620.38,1297.84
CAMP_005,Campaign 5 — Health & Wellness,Meta,Health & Wellness,CAMP_005_VAR_A,A,Last 48 Hours: Up to 50% Off — Shop Now,Don't miss out. Our biggest sale ends soon. Free shipping on all orders above ₹499.,Shop Now,2024-01-05,637,31,1,670.03,587.88
CAMP_005,Campaign 5 — Health & Wellness,Meta,Health & Wellness,CAMP_005_VAR_A,A,Last 48 Hours: Up to 50% Off — Shop Now,Don't miss out. Our biggest sale ends soon. Free shipping on all orders above ₹499.,Shop Now,2024-01-06,657,25,0,423.21,0.0
CAMP_005,Campaign 5 — Health & Wellness,Meta,Health & Wellness,CAMP_005_VAR_A,A,Last 48 Hours: Up to 50% Off — Shop Now,Don't miss out. Our biggest sale ends soon. Free shipping on all orders above ₹499.,Shop Now,2024-01-07,720,32,1,876.87,1307.6
CAMP_005,Campaign 5 — Health & Wellness,Meta,Health & Wellness,CAMP_005_VAR_A,A,Last 48 Hours: Up to 50% Off — Shop Now,Don't miss out. Our biggest sale ends soon. Free shipping on all orders above ₹499.,Shop Now,2024-01-08,771,36,0,574.76,0.0
CAMP_005,Campaign 5 — Health & Wellness,Meta,Health & Wellness,CAMP_005_VAR_A,A,Last 48 Hours: Up to 50% Off — Shop Now,Don't miss out. Our biggest sale ends soon. Free shipping on all orders above ₹499.,Shop Now,2024-01-09,726,31,1,759.37,670.43
CAMP_005,Campaign 5 — Health & Wellness,Meta,Health & Wellness,CAMP_005_VAR_A,A,Last 48 Hours: Up to 50% Off — Shop Now,Don't miss out. Our biggest sale ends soon. Free shipping on all orders above ₹499.,Shop Now,2024-01-10,706,36,1,703.73,967.69
CAMP_005,Campaign 5 — Health & Wellness,Meta,Health & Wellness,CAMP_005_VAR_A,A,Last 48 Hours: Up to 50% Off — Shop Now,Don't miss out. Our biggest sale ends soon. Free shipping on all orders above ₹499.,Shop Now,2024-01-11,663,28,0,296.11,0.0
CAMP_005,Campaign 5 — Health & Wellness,Meta,Health & Wellness,CAMP_005_VAR_A,A,Last 48 Hours: Up to 50% Off — Shop Now,Don't miss out. Our biggest sale ends soon. Free shipping on all orders above ₹499.,Shop Now,2024-01-12,884,38,2,1264.16,2136.87
CAMP_005,Campaign 5 — Health & Wellness,Meta,Health & Wellness,CAMP_005_VAR_A,A,Last 48 Hours: Up to 50% Off — Shop Now,Don't miss out. Our biggest sale ends soon. Free shipping on all orders above ₹499.,Shop Now,2024-01-13,785,32,0,641.98,0.0
CAMP_005,Campaign 5 — Health & Wellness,Meta,Health & Wellness,CAMP_005_VAR_A,A,Last 48 Hours: Up to 50% Off — Shop Now,Don't miss out. Our biggest sale ends soon. Free shipping on all orders above ₹499.,Shop Now,2024-01-14,813,33,1,782.97,861.48
CAMP_005,Campaign 5 — Health & Wellness,Meta,Health & Wellness,CAMP_005_VAR_A,A,Last 48 Hours: Up to 50% Off — Shop Now,Don't miss out. Our biggest sale ends soon. Free shipping on all orders above ₹499.,Shop Now,2024-01-15,924,47,2,832.27,1532.35
CAMP_005,Campaign 5 — Health & Wellness,Meta,Health & Wellness,CAMP_005_VAR_A,A,Last 48 Hours: Up to 50% Off — Shop Now,Don't miss out. Our biggest sale ends soon. Free shipping on all orders above ₹499.,Shop Now,2024-01-16,740,26,0,534.71,0.0
CAMP_005,Campaign 5 — Health & Wellness,Meta,Health & Wellness,CAMP_005_VAR_A,A,Last 48 Hours: Up to 50% Off — Shop Now,Don't miss out. Our biggest sale ends soon. Free shipping on all orders above ₹499.,Shop Now,2024-01-17,797,42,1,1382.8,1360.5
CAMP_005,Campaign 5 — Health & Wellness,Meta,Health & Wellness,CAMP_005_VAR_A,A,Last 48 Hours: Up to 50% Off — Shop Now,Don't miss out. Our biggest sale ends soon. Free shipping on all orders above ₹499.,Shop Now,2024-01-18,710,34,1,905.69,1477.78
CAMP_005,Campaign 5 — Health & Wellness,Meta,Health & Wellness,CAMP_005_VAR_A,A,Last 48 Hours: Up to 50% Off — Shop Now,Don't miss out. Our biggest sale ends soon. Free shipping on all orders above ₹499.,Shop Now,2024-01-19,1011,40,1,716.95,1716.89
CAMP_005,Campaign 5 — Health & Wellness,Meta,Health & Wellness,CAMP_005_VAR_A,A,Last 48 Hours: Up to 50% Off — Shop Now,Don't miss out. Our biggest sale ends soon. Free shipping on all orders above ₹499.,Shop Now,2024-01-20,876,42,1,878.26,1740.3
CAMP_005,Campaign 5 — Health & Wellness,Meta,Health & Wellness,CAMP_005_VAR_A,A,Last 48 Hours: Up to 50% Off — Shop Now,Don't miss out. Our biggest sale ends soon. Free shipping on all orders above ₹499.,Shop Now,2024-01-21,761,31,1,560.72,1784.37
CAMP_005,Campaign 5 — Health & Wellness,Meta,Health & Wellness,CAMP_005_VAR_A,A,Last 48 Hours: Up to 50% Off — Shop Now,Don't miss out. Our biggest sale ends soon. Free shipping on all orders above ₹499.,Shop Now,2024-01-22,737,27,1,768.11,1677.92
CAMP_005,Campaign 5 — Health & Wellness,Meta,Health & Wellness,CAMP_005_VAR_A,A,Last 48 Hours: Up to 50% Off — Shop Now,Don't miss out. Our biggest sale ends soon. Free shipping on all orders above ₹499.,Shop Now,2024-01-23,729,26,1,742.83,1555.84
CAMP_005,Campaign 5 — Health & Wellness,Meta,Health & Wellness,CAMP_005_VAR_A,A,Last 48 Hours: Up to 50% Off — Shop Now,Don't miss out. Our biggest sale ends soon. Free shipping on all orders above ₹499.,Shop Now,2024-01-24,811,31,1,907.03,1234.14
CAMP_005,Campaign 5 — Health & Wellness,Meta,Health & Wellness,CAMP_005_VAR_A,A,Last 48 Hours: Up to 50% Off — Shop Now,Don't miss out. Our biggest sale ends soon. Free shipping on all orders above ₹499.,Shop Now,2024-01-25,836,29,1,515.28,1139.44
CAMP_005,Campaign 5 — Health & Wellness,Meta,Health & Wellness,CAMP_005_VAR_A,A,Last 48 Hours: Up to 50% Off — Shop Now,Don't miss out. Our biggest sale ends soon. Free shipping on all orders above ₹499.,Shop Now,2024-01-26,847,38,2,1154.32,1114.18
CAMP_005,Campaign 5 — Health & Wellness,Meta,Health & Wellness,CAMP_005_VAR_A,A,Last 48 Hours: Up to 50% Off — Shop Now,Don't miss out. Our biggest sale ends soon. Free shipping on all orders above ₹499.,Shop Now,2024-01-27,566,24,1,539.76,683.02
CAMP_005,Campaign 5 — Health & Wellness,Meta,Health & Wellness,CAMP_005_VAR_A,A,Last 48 Hours: Up to 50% Off — Shop Now,Don't miss out. Our biggest sale ends soon. Free shipping on all orders above ₹499.,Shop Now,2024-01-28,956,35,0,697.54,0.0
CAMP_005,Campaign 5 — Health & Wellness,Meta,Health & Wellness,CAMP_005_VAR_A,A,Last 48 Hours: Up to 50% Off — Shop Now,Don't miss out. Our biggest sale ends soon. Free shipping on all orders above ₹499.,Shop Now,2024-01-29,1010,44,2,932.73,2807.37
CAMP_005,Campaign 5 — Health & Wellness,Meta,Health & Wellness,CAMP_005_VAR_A,A,Last 48 Hours: Up to 50% Off — Shop Now,Don't miss out. Our biggest sale ends soon. Free shipping on all orders above ₹499.,Shop Now,2024-01-30,722,30,1,285.07,1023.68
CAMP_005,Campaign 5 — Health & Wellness,Meta,Health & Wellness,CAMP_005_VAR_B,B,Brand Name — Quality You Can Trust,"Discover our latest collection. Premium quality, fair prices.",Learn More,2024-01-01,445,4,0,38.24,0.0
CAMP_005,Campaign 5 — Health & Wellness,Meta,Health & Wellness,CAMP_005_VAR_B,B,Brand Name — Quality You Can Trust,"Discover our latest collection. Premium quality, fair prices.",Learn More,2024-01-02,443,4,0,110.11,0.0
CAMP_005,Campaign 5 — Health & Wellness,Meta,Health & Wellness,CAMP_005_VAR_B,B,Brand Name — Quality You Can Trust,"Discover our latest collection. Premium quality, fair prices.",Learn More,2024-01-03,421,3,0,84.41,0.0
CAMP_005,Campaign 5 — Health & Wellness,Meta,Health & Wellness,CAMP_005_VAR_B,B,Brand Name — Quality You Can Trust,"Discover our latest collection. Premium quality, fair prices.",Learn More,2024-01-04,403,4,0,69.21,0.0
CAMP_005,Campaign 5 — Health & Wellness,Meta,Health & Wellness,CAMP_005_VAR_B,B,Brand Name — Quality You Can Trust,"Discover our latest collection. Premium quality, fair prices.",Learn More,2024-01-05,365,4,0,132.93,0.0
CAMP_005,Campaign 5 — Health & Wellness,Meta,Health & Wellness,CAMP_005_VAR_B,B,Brand Name — Quality You Can Trust,"Discover our latest collection. Premium quality, fair prices.",Learn More,2024-01-06,478,5,0,44.28,0.0
CAMP_005,Campaign 5 — Health & Wellness,Meta,Health & Wellness,CAMP_005_VAR_B,B,Brand Name — Quality You Can Trust,"Discover our latest collection. Premium quality, fair prices.",Learn More,2024-01-07,343,3,0,86.03,0.0
CAMP_005,Campaign 5 — Health & Wellness,Meta,Health & Wellness,CAMP_005_VAR_B,B,Brand Name — Quality You Can Trust,"Discover our latest collection. Premium quality, fair prices.",Learn More,2024-01-08,485,5,0,96.75,0.0
CAMP_005,Campaign 5 — Health & Wellness,Meta,Health & Wellness,CAMP_005_VAR_B,B,Brand Name — Quality You Can Trust,"Discover our latest collection. Premium quality, fair prices.",Learn More,2024-01-09,553,6,0,188.88,0.0
CAMP_005,Campaign 5 — Health & Wellness,Meta,Health & Wellness,CAMP_005_VAR_B,B,Brand Name — Quality You Can Trust,"Discover our latest collection. Premium quality, fair prices.",Learn More,2024-01-10,422,4,0,105.73,0.0
CAMP_005,Campaign 5 — Health & Wellness,Meta,Health & Wellness,CAMP_005_VAR_B,B,Brand Name — Quality You Can Trust,"Discover our latest collection. Premium quality, fair prices.",Learn More,2024-01-11,418,4,0,102.58,0.0
CAMP_005,Campaign 5 — Health & Wellness,Meta,Health & Wellness,CAMP_005_VAR_B,B,Brand Name — Quality You Can Trust,"Discover our latest collection. Premium quality, fair prices.",Learn More,2024-01-12,454,5,0,112.53,0.0
CAMP_005,Campaign 5 — Health & Wellness,Meta,Health & Wellness,CAMP_005_VAR_B,B,Brand Name — Quality You Can Trust,"Discover our latest collection. Premium quality, fair prices.",Learn More,2024-01-13,362,3,0,42.04,0.0
CAMP_005,Campaign 5 — Health & Wellness,Meta,Health & Wellness,CAMP_005_VAR_B,B,Brand Name — Quality You Can Trust,"Discover our latest collection. Premium quality, fair prices.",Learn More,2024-01-14,297,3,0,48.17,0.0
CAMP_005,Campaign 5 — Health & Wellness,Meta,Health & Wellness,CAMP_005_VAR_B,B,Brand Name — Quality You Can Trust,"Discover our latest collection. Premium quality, fair prices.",Learn More,2024-01-15,342,2,0,44.72,0.0
CAMP_005,Campaign 5 — Health & Wellness,Meta,Health & Wellness,CAMP_005_VAR_B,B,Brand Name — Quality You Can Trust,"Discover our latest collection. Premium quality, fair prices.",Learn More,2024-01-16,434,5,0,86.73,0.0
CAMP_005,Campaign 5 — Health & Wellness,Meta,Health & Wellness,CAMP_005_VAR_B,B,Brand Name — Quality You Can Trust,"Discover our latest collection. Premium quality, fair prices.",Learn More,2024-01-17,410,4,0,110.3,0.0
CAMP_005,Campaign 5 — Health & Wellness,Meta,Health & Wellness,CAMP_005_VAR_B,B,Brand Name — Quality You Can Trust,"Discover our latest collection. Premium quality, fair prices.",Learn More,2024-01-18,415,4,0,77.28,0.0
CAMP_005,Campaign 5 — Health & Wellness,Meta,Health & Wellness,CAMP_005_VAR_B,B,Brand Name — Quality You Can Trust,"Discover our latest collection. Premium quality, fair prices.",Learn More,2024-01-19,467,4,0,33.69,0.0
CAMP_005,Campaign 5 — Health & Wellness,Meta,Health & Wellness,CAMP_005_VAR_B,B,Brand Name — Quality You Can Trust,"Discover our latest collection. Premium quality, fair prices.",Learn More,2024-01-20,427,4,0,35.63,0.0
CAMP_005,Campaign 5 — Health & Wellness,Meta,Health & Wellness,CAMP_005_VAR_B,B,Brand Name — Quality You Can Trust,"Discover our latest collection. Premium quality, fair prices.",Learn More,2024-01-21,369,4,0,37.26,0.0
CAMP_005,Campaign 5 — Health & Wellness,Meta,Health & Wellness,CAMP_005_VAR_B,B,Brand Name — Quality You Can Trust,"Discover our latest collection. Premium quality, fair prices.",Learn More,2024-01-22,399,4,0,57.31,0.0
CAMP_005,Campaign 5 — Health & Wellness,Meta,Health & Wellness,CAMP_005_VAR_B,B,Brand Name — Quality You Can Trust,"Discover our latest collection. Premium quality, fair prices.",Learn More,2024-01-23,443,4,0,38.1,0.0
CAMP_005,Campaign 5 — Health & Wellness,Meta,Health & Wellness,CAMP_005_VAR_B,B,Brand Name — Quality You Can Trust,"Discover our latest collection. Premium quality, fair prices.",Learn More,2024-01-24,412,4,0,120.1,0.0
CAMP_005,Campaign 5 — Health & Wellness,Meta,Health & Wellness,CAMP_005_VAR_B,B,Brand Name — Quality You Can Trust,"Discover our latest collection. Premium quality, fair prices.",Learn More,2024-01-25,477,5,0,120.72,0.0
CAMP_005,Campaign 5 — Health & Wellness,Meta,Health & Wellness,CAMP_005_VAR_B,B,Brand Name — Quality You Can Trust,"Discover our latest collection. Premium quality, fair prices.",Learn More,2024-01-26,409,4,0,64.59,0.0
CAMP_005,Campaign 5 — Health & Wellness,Meta,Health & Wellness,CAMP_005_VAR_B,B,Brand Name — Quality You Can Trust,"Discover our latest collection. Premium quality, fair prices.",Learn More,2024-01-27,496,5,0,69.84,0.0
CAMP_005,Campaign 5 — Health & Wellness,Meta,Health & Wellness,CAMP_005_VAR_B,B,Brand Name — Quality You Can Trust,"Discover our latest collection. Premium quality, fair prices.",Learn More,2024-01-28,411,3,0,100.83,0.0
CAMP_005,Campaign 5 — Health & Wellness,Meta,Health & Wellness,CAMP_005_VAR_B,B,Brand Name — Quality You Can Trust,"Discover our latest collection. Premium quality, fair prices.",Learn More,2024-01-29,345,3,0,74.71,0.0
CAMP_005,Campaign 5 — Health & Wellness,Meta,Health & Wellness,CAMP_005_VAR_B,B,Brand Name — Quality You Can Trust,"Discover our latest collection. Premium quality, fair prices.",Learn More,2024-01-30,373,4,0,137.01,0.0
CAMP_005,Campaign 5 — Health & Wellness,Meta,Health & Wellness,CAMP_005_VAR_C,C,"Over 10,000 Happy Customers Can't Be Wrong",Join thousands who've transformed their routine. Rated 4.8/5 stars.,See Reviews,2024-01-01,688,26,1,500.26,846.23
CAMP_005,Campaign 5 — Health & Wellness,Meta,Health & Wellness,CAMP_005_VAR_C,C,"Over 10,000 Happy Customers Can't Be Wrong",Join thousands who've transformed their routine. Rated 4.8/5 stars.,See Reviews,2024-01-02,675,26,0,737.6,0.0
CAMP_005,Campaign 5 — Health & Wellness,Meta,Health & Wellness,CAMP_005_VAR_C,C,"Over 10,000 Happy Customers Can't Be Wrong",Join thousands who've transformed their routine. Rated 4.8/5 stars.,See Reviews,2024-01-03,689,20,0,322.4,0.0
CAMP_005,Campaign 5 — Health & Wellness,Meta,Health & Wellness,CAMP_005_VAR_C,C,"Over 10,000 Happy Customers Can't Be Wrong",Join thousands who've transformed their routine. Rated 4.8/5 stars.,See Reviews,2024-01-04,586,21,1,686.66,1528.09
CAMP_005,Campaign 5 — Health & Wellness,Meta,Health & Wellness,CAMP_005_VAR_C,C,"Over 10,000 Happy Customers Can't Be Wrong",Join thousands who've transformed their routine. Rated 4.8/5 stars.,See Reviews,2024-01-05,559,21,0,483.98,0.0
CAMP_005,Campaign 5 — Health & Wellness,Meta,Health & Wellness,CAMP_005_VAR_C,C,"Over 10,000 Happy Customers Can't Be Wrong",Join thousands who've transformed their routine. Rated 4.8/5 stars.,See Reviews,2024-01-06,839,34,0,458.66,0.0
CAMP_005,Campaign 5 — Health & Wellness,Meta,Health & Wellness,CAMP_005_VAR_C,C,"Over 10,000 Happy Customers Can't Be Wrong",Join thousands who've transformed their routine. Rated 4.8/5 stars.,See Reviews,2024-01-07,661,28,1,864.43,1691.12
CAMP_005,Campaign 5 — Health & Wellness,Meta,Health & Wellness,CAMP_005_VAR_C,C,"Over 10,000 Happy Customers Can't Be Wrong",Join thousands who've transformed their routine. Rated 4.8/5 stars.,See Reviews,2024-01-08,698,24,0,315.43,0.0
CAMP_005,Campaign 5 — Health & Wellness,Meta,Health & Wellness,CAMP_005_VAR_C,C,"Over 10,000 Happy Customers Can't Be Wrong",Join thousands who've transformed their routine. Rated 4.8/5 stars.,See Reviews,2024-01-09,620,22,0,534.14,0.0
CAMP_005,Campaign 5 — Health & Wellness,Meta,Health & Wellness,CAMP_005_VAR_C,C,"Over 10,000 Happy Customers Can't Be Wrong",Join thousands who've transformed their routine. Rated 4.8/5 stars.,See Reviews,2024-01-10,643,24,1,685.58,663.43
CAMP_005,Campaign 5 — Health & Wellness,Meta,Health & Wellness,CAMP_005_VAR_C,C,"Over 10,000 Happy Customers Can't Be Wrong",Join thousands who've transformed their routine. Rated 4.8/5 stars.,See Reviews,2024-01-11,699,25,1,523.59,1182.39
CAMP_005,Campaign 5 — Health & Wellness,Meta,Health & Wellness,CAMP_005_VAR_C,C,"Over 10,000 Happy Customers Can't Be Wrong",Join thousands who've transformed their routine. Rated 4.8/5 stars.,See Reviews,2024-01-12,727,30,1,1015.19,866.15
CAMP_005,Campaign 5 — Health & Wellness,Meta,Health & Wellness,CAMP_005_VAR_C,C,"Over 10,000 Happy Customers Can't Be Wrong",Join thousands who've transformed their routine. Rated 4.8/5 stars.,See Reviews,2024-01-13,780,24,0,815.43,0.0
CAMP_005,Campaign 5 — Health & Wellness,Meta,Health & Wellness,CAMP_005_VAR_C,C,"Over 10,000 Happy Customers Can't Be Wrong",Join thousands who've transformed their routine. Rated 4.8/5 stars.,See Reviews,2024-01-14,421,17,0,355.82,0.0
CAMP_005,Campaign 5 — Health & Wellness,Meta,Health & Wellness,CAMP_005_VAR_C,C,"Over 10,000 Happy Customers Can't Be Wrong",Join thousands who've transformed their routine. Rated 4.8/5 stars.,See Reviews,2024-01-15,542,19,0,256.92,0.0
CAMP_005,Campaign 5 — Health & Wellness,Meta,Health & Wellness,CAMP_005_VAR_C,C,"Over 10,000 Happy Customers Can't Be Wrong",Join thousands who've transformed their routine. Rated 4.8/5 stars.,See Reviews,2024-01-16,563,17,0,491.96,0.0
CAMP_005,Campaign 5 — Health & Wellness,Meta,Health & Wellness,CAMP_005_VAR_C,C,"Over 10,000 Happy Customers Can't Be Wrong",Join thousands who've transformed their routine. Rated 4.8/5 stars.,See Reviews,2024-01-17,738,29,1,513.3,1147.11
CAMP_005,Campaign 5 — Health & Wellness,Meta,Health & Wellness,CAMP_005_VAR_C,C,"Over 10,000 Happy Customers Can't Be Wrong",Join thousands who've transformed their routine. Rated 4.8/5 stars.,See Reviews,2024-01-18,623,17,0,364.25,0.0
CAMP_005,Campaign 5 — Health & Wellness,Meta,Health & Wellness,CAMP_005_VAR_C,C,"Over 10,000 Happy Customers Can't Be Wrong",Join thousands who've transformed their routine. Rated 4.8/5 stars.,See Reviews,2024-01-19,627,24,0,496.23,0.0
CAMP_005,Campaign 5 — Health & Wellness,Meta,Health & Wellness,CAMP_005_VAR_C,C,"Over 10,000 Happy Customers Can't Be Wrong",Join thousands who've transformed their routine. Rated 4.8/5 stars.,See Reviews,2024-01-20,531,20,1,360.18,1680.06
CAMP_005,Campaign 5 — Health & Wellness,Meta,Health & Wellness,CAMP_005_VAR_C,C,"Over 10,000 Happy Customers Can't Be Wrong",Join thousands who've transformed their routine. Rated 4.8/5 stars.,See Reviews,2024-01-21,681,26,0,363.33,0.0
CAMP_005,Campaign 5 — Health & Wellness,Meta,Health & Wellness,CAMP_005_VAR_C,C,"Over 10,000 Happy Customers Can't Be Wrong",Join thousands who've transformed their routine. Rated 4.8/5 stars.,See Reviews,2024-01-22,695,23,0,764.48,0.0
CAMP_005,Campaign 5 — Health & Wellness,Meta,Health & Wellness,CAMP_005_VAR_C,C,"Over 10,000 Happy Customers Can't Be Wrong",Join thousands who've transformed their routine. Rated 4.8/5 stars.,See Reviews,2024-01-23,805,29,1,351.34,984.61
CAMP_005,Campaign 5 — Health & Wellness,Meta,Health & Wellness,CAMP_005_VAR_C,C,"Over 10,000 Happy Customers Can't Be Wrong",Join thousands who've transformed their routine. Rated 4.8/5 stars.,See Reviews,2024-01-24,680,22,0,671.02,0.0
CAMP_005,Campaign 5 — Health & Wellness,Meta,Health & Wellness,CAMP_005_VAR_C,C,"Over 10,000 Happy Customers Can't Be Wrong",Join thousands who've transformed their routine. Rated 4.8/5 stars.,See Reviews,2024-01-25,637,21,0,556.31,0.0
CAMP_005,Campaign 5 — Health & Wellness,Meta,Health & Wellness,CAMP_005_VAR_C,C,"Over 10,000 Happy Customers Can't Be Wrong",Join thousands who've transformed their routine. Rated 4.8/5 stars.,See Reviews,2024-01-26,665,28,0,954.68,0.0
CAMP_005,Campaign 5 — Health & Wellness,Meta,Health & Wellness,CAMP_005_VAR_C,C,"Over 10,000 Happy Customers Can't Be Wrong",Join thousands who've transformed their routine. Rated 4.8/5 stars.,See Reviews,2024-01-27,542,16,0,200.68,0.0
CAMP_005,Campaign 5 — Health & Wellness,Meta,Health & Wellness,CAMP_005_VAR_C,C,"Over 10,000 Happy Customers Can't Be Wrong",Join thousands who've transformed their routine. Rated 4.8/5 stars.,See Reviews,2024-01-28,833,30,1,823.45,636.97
CAMP_005,Campaign 5 — Health & Wellness,Meta,Health & Wellness,CAMP_005_VAR_C,C,"Over 10,000 Happy Customers Can't Be Wrong",Join thousands who've transformed their routine. Rated 4.8/5 stars.,See Reviews,2024-01-29,614,25,0,565.94,0.0
CAMP_005,Campaign 5 — Health & Wellness,Meta,Health & Wellness,CAMP_005_VAR_C,C,"Over 10,000 Happy Customers Can't Be Wrong",Join thousands who've transformed their routine. Rated 4.8/5 stars.,See Reviews,2024-01-30,620,27,1,240.66,482.22
CAMP_005,Campaign 5 — Health & Wellness,Meta,Health & Wellness,CAMP_005_VAR_D,D,Only 3 Left in Stock — Order Before It's Gone,High demand item. Secure yours before stock runs out. Fast delivery guaranteed.,Buy Now,2024-01-01,383,17,0,486.83,0.0
CAMP_005,Campaign 5 — Health & Wellness,Meta,Health & Wellness,CAMP_005_VAR_D,D,Only 3 Left in Stock — Order Before It's Gone,High demand item. Secure yours before stock runs out. Fast delivery guaranteed.,Buy Now,2024-01-02,460,20,0,284.97,0.0
CAMP_005,Campaign 5 — Health & Wellness,Meta,Health & Wellness,CAMP_005_VAR_D,D,Only 3 Left in Stock — Order Before It's Gone,High demand item. Secure yours before stock runs out. Fast delivery guaranteed.,Buy Now,2024-01-03,386,19,0,411.44,0.0
CAMP_005,Campaign 5 — Health & Wellness,Meta,Health & Wellness,CAMP_005_VAR_D,D,Only 3 Left in Stock — Order Before It's Gone,High demand item. Secure yours before stock runs out. Fast delivery guaranteed.,Buy Now,2024-01-04,415,23,0,598.05,0.0
CAMP_005,Campaign 5 — Health & Wellness,Meta,Health & Wellness,CAMP_005_VAR_D,D,Only 3 Left in Stock — Order Before It's Gone,High demand item. Secure yours before stock runs out. Fast delivery guaranteed.,Buy Now,2024-01-05,349,15,0,317.58,0.0
CAMP_005,Campaign 5 — Health & Wellness,Meta,Health & Wellness,CAMP_005_VAR_D,D,Only 3 Left in Stock — Order Before It's Gone,High demand item. Secure yours before stock runs out. Fast delivery guaranteed.,Buy Now,2024-01-06,371,16,0,133.12,0.0
CAMP_005,Campaign 5 — Health & Wellness,Meta,Health & Wellness,CAMP_005_VAR_D,D,Only 3 Left in Stock — Order Before It's Gone,High demand item. Secure yours before stock runs out. Fast delivery guaranteed.,Buy Now,2024-01-07,452,21,0,722.23,0.0
CAMP_005,Campaign 5 — Health & Wellness,Meta,Health & Wellness,CAMP_005_VAR_D,D,Only 3 Left in Stock — Order Before It's Gone,High demand item. Secure yours before stock runs out. Fast delivery guaranteed.,Buy Now,2024-01-08,328,16,0,419.18,0.0
CAMP_005,Campaign 5 — Health & Wellness,Meta,Health & Wellness,CAMP_005_VAR_D,D,Only 3 Left in Stock — Order Before It's Gone,High demand item. Secure yours before stock runs out. Fast delivery guaranteed.,Buy Now,2024-01-09,277,12,0,130.67,0.0
CAMP_005,Campaign 5 — Health & Wellness,Meta,Health & Wellness,CAMP_005_VAR_D,D,Only 3 Left in Stock — Order Before It's Gone,High demand item. Secure yours before stock runs out. Fast delivery guaranteed.,Buy Now,2024-01-10,410,18,0,237.28,0.0
CAMP_005,Campaign 5 — Health & Wellness,Meta,Health & Wellness,CAMP_005_VAR_D,D,Only 3 Left in Stock — Order Before It's Gone,High demand item. Secure yours before stock runs out. Fast delivery guaranteed.,Buy Now,2024-01-11,293,14,0,213.05,0.0
CAMP_005,Campaign 5 — Health & Wellness,Meta,Health & Wellness,CAMP_005_VAR_D,D,Only 3 Left in Stock — Order Before It's Gone,High demand item. Secure yours before stock runs out. Fast delivery guaranteed.,Buy Now,2024-01-12,409,21,0,398.22,0.0
CAMP_005,Campaign 5 — Health & Wellness,Meta,Health & Wellness,CAMP_005_VAR_D,D,Only 3 Left in Stock — Order Before It's Gone,High demand item. Secure yours before stock runs out. Fast delivery guaranteed.,Buy Now,2024-01-13,399,17,0,239.67,0.0
CAMP_005,Campaign 5 — Health & Wellness,Meta,Health & Wellness,CAMP_005_VAR_D,D,Only 3 Left in Stock — Order Before It's Gone,High demand item. Secure yours before stock runs out. Fast delivery guaranteed.,Buy Now,2024-01-14,273,15,0,384.76,0.0
CAMP_005,Campaign 5 — Health & Wellness,Meta,Health & Wellness,CAMP_005_VAR_D,D,Only 3 Left in Stock — Order Before It's Gone,High demand item. Secure yours before stock runs out. Fast delivery guaranteed.,Buy Now,2024-01-15,330,15,0,157.87,0.0
CAMP_005,Campaign 5 — Health & Wellness,Meta,Health & Wellness,CAMP_005_VAR_D,D,Only 3 Left in Stock — Order Before It's Gone,High demand item. Secure yours before stock runs out. Fast delivery guaranteed.,Buy Now,2024-01-16,417,21,0,199.82,0.0
CAMP_005,Campaign 5 — Health & Wellness,Meta,Health & Wellness,CAMP_005_VAR_D,D,Only 3 Left in Stock — Order Before It's Gone,High demand item. Secure yours before stock runs out. Fast delivery guaranteed.,Buy Now,2024-01-17,371,21,0,451.42,0.0
CAMP_005,Campaign 5 — Health & Wellness,Meta,Health & Wellness,CAMP_005_VAR_D,D,Only 3 Left in Stock — Order Before It's Gone,High demand item. Secure yours before stock runs out. Fast delivery guaranteed.,Buy Now,2024-01-18,314,16,0,372.45,0.0
CAMP_005,Campaign 5 — Health & Wellness,Meta,Health & Wellness,CAMP_005_VAR_D,D,Only 3 Left in Stock — Order Before It's Gone,High demand item. Secure yours before stock runs out. Fast delivery guaranteed.,Buy Now,2024-01-19,350,17,0,378.43,0.0
CAMP_005,Campaign 5 — Health & Wellness,Meta,Health & Wellness,CAMP_005_VAR_D,D,Only 3 Left in Stock — Order Before It's Gone,High demand item. Secure yours before stock runs out. Fast delivery guaranteed.,Buy Now,2024-01-20,427,21,0,660.22,0.0
CAMP_005,Campaign 5 — Health & Wellness,Meta,Health & Wellness,CAMP_005_VAR_D,D,Only 3 Left in Stock — Order Before It's Gone,High demand item. Secure yours before stock runs out. Fast delivery guaranteed.,Buy Now,2024-01-21,375,19,1,175.89,1065.7
CAMP_005,Campaign 5 — Health & Wellness,Meta,Health & Wellness,CAMP_005_VAR_D,D,Only 3 Left in Stock — Order Before It's Gone,High demand item. Secure yours before stock runs out. Fast delivery guaranteed.,Buy Now,2024-01-22,328,14,0,451.94,0.0
CAMP_005,Campaign 5 — Health & Wellness,Meta,Health & Wellness,CAMP_005_VAR_D,D,Only 3 Left in Stock — Order Before It's Gone,High demand item. Secure yours before stock runs out. Fast delivery guaranteed.,Buy Now,2024-01-23,293,11,0,363.84,0.0
CAMP_005,Campaign 5 — Health & Wellness,Meta,Health & Wellness,CAMP_005_VAR_D,D,Only 3 Left in Stock — Order Before It's Gone,High demand item. Secure yours before stock runs out. Fast delivery guaranteed.,Buy Now,2024-01-24,455,19,0,453.15,0.0
CAMP_005,Campaign 5 — Health & Wellness,Meta,Health & Wellness,CAMP_005_VAR_D,D,Only 3 Left in Stock — Order Before It's Gone,High demand item. Secure yours before stock runs out. Fast delivery guaranteed.,Buy Now,2024-01-25,336,15,0,281.31,0.0
CAMP_005,Campaign 5 — Health & Wellness,Meta,Health & Wellness,CAMP_005_VAR_D,D,Only 3 Left in Stock — Order Before It's Gone,High demand item. Secure yours before stock runs out. Fast delivery guaranteed.,Buy Now,2024-01-26,363,18,0,260.87,0.0
CAMP_005,Campaign 5 — Health & Wellness,Meta,Health & Wellness,CAMP_005_VAR_D,D,Only 3 Left in Stock — Order Before It's Gone,High demand item. Secure yours before stock runs out. Fast delivery guaranteed.,Buy Now,2024-01-27,392,17,0,547.51,0.0
CAMP_005,Campaign 5 — Health & Wellness,Meta,Health & Wellness,CAMP_005_VAR_D,D,Only 3 Left in Stock — Order Before It's Gone,High demand item. Secure yours before stock runs out. Fast delivery guaranteed.,Buy Now,2024-01-28,339,16,0,188.46,0.0
CAMP_005,Campaign 5 — Health & Wellness,Meta,Health & Wellness,CAMP_005_VAR_D,D,Only 3 Left in Stock — Order Before It's Gone,High demand item. Secure yours before stock runs out. Fast delivery guaranteed.,Buy Now,2024-01-29,334,18,1,387.39,1413.83
CAMP_005,Campaign 5 — Health & Wellness,Meta,Health & Wellness,CAMP_005_VAR_D,D,Only 3 Left in Stock — Order Before It's Gone,High demand item. Secure yours before stock runs out. Fast delivery guaranteed.,Buy Now,2024-01-30,373,19,1,376.23,475.18
CAMP_005,Campaign 5 — Health & Wellness,Meta,Health & Wellness,CAMP_005_VAR_E,E,Get 20% Off Your First Order,New here? Use code FIRST20 at checkout. Limited time offer.,Claim Offer,2024-01-01,384,12,0,405.37,0.0
CAMP_005,Campaign 5 — Health & Wellness,Meta,Health & Wellness,CAMP_005_VAR_E,E,Get 20% Off Your First Order,New here? Use code FIRST20 at checkout. Limited time offer.,Claim Offer,2024-01-02,359,9,0,79.2,0.0
CAMP_005,Campaign 5 — Health & Wellness,Meta,Health & Wellness,CAMP_005_VAR_E,E,Get 20% Off Your First Order,New here? Use code FIRST20 at checkout. Limited time offer.,Claim Offer,2024-01-03,370,10,0,212.46,0.0
CAMP_005,Campaign 5 — Health & Wellness,Meta,Health & Wellness,CAMP_005_VAR_E,E,Get 20% Off Your First Order,New here? Use code FIRST20 at checkout. Limited time offer.,Claim Offer,2024-01-04,321,9,0,176.94,0.0
CAMP_005,Campaign 5 — Health & Wellness,Meta,Health & Wellness,CAMP_005_VAR_E,E,Get 20% Off Your First Order,New here? Use code FIRST20 at checkout. Limited time offer.,Claim Offer,2024-01-05,414,12,0,123.76,0.0
CAMP_005,Campaign 5 — Health & Wellness,Meta,Health & Wellness,CAMP_005_VAR_E,E,Get 20% Off Your First Order,New here? Use code FIRST20 at checkout. Limited time offer.,Claim Offer,2024-01-06,365,12,0,327.05,0.0
CAMP_005,Campaign 5 — Health & Wellness,Meta,Health & Wellness,CAMP_005_VAR_E,E,Get 20% Off Your First Order,New here? Use code FIRST20 at checkout. Limited time offer.,Claim Offer,2024-01-07,362,13,0,353.8,0.0
CAMP_005,Campaign 5 — Health & Wellness,Meta,Health & Wellness,CAMP_005_VAR_E,E,Get 20% Off Your First Order,New here? Use code FIRST20 at checkout. Limited time offer.,Claim Offer,2024-01-08,379,9,0,148.95,0.0
CAMP_005,Campaign 5 — Health & Wellness,Meta,Health & Wellness,CAMP_005_VAR_E,E,Get 20% Off Your First Order,New here? Use code FIRST20 at checkout. Limited time offer.,Claim Offer,2024-01-09,389,11,0,179.56,0.0
CAMP_005,Campaign 5 — Health & Wellness,Meta,Health & Wellness,CAMP_005_VAR_E,E,Get 20% Off Your First Order,New here? Use code FIRST20 at checkout. Limited time offer.,Claim Offer,2024-01-10,417,12,0,138.93,0.0
CAMP_005,Campaign 5 — Health & Wellness,Meta,Health & Wellness,CAMP_005_VAR_E,E,Get 20% Off Your First Order,New here? Use code FIRST20 at checkout. Limited time offer.,Claim Offer,2024-01-11,342,8,0,183.82,0.0
CAMP_005,Campaign 5 — Health & Wellness,Meta,Health & Wellness,CAMP_005_VAR_E,E,Get 20% Off Your First Order,New here? Use code FIRST20 at checkout. Limited time offer.,Claim Offer,2024-01-12,338,8,0,140.45,0.0
CAMP_005,Campaign 5 — Health & Wellness,Meta,Health & Wellness,CAMP_005_VAR_E,E,Get 20% Off Your First Order,New here? Use code FIRST20 at checkout. Limited time offer.,Claim Offer,2024-01-13,319,9,0,150.84,0.0
CAMP_005,Campaign 5 — Health & Wellness,Meta,Health & Wellness,CAMP_005_VAR_E,E,Get 20% Off Your First Order,New here? Use code FIRST20 at checkout. Limited time offer.,Claim Offer,2024-01-14,437,13,0,240.12,0.0
CAMP_005,Campaign 5 — Health & Wellness,Meta,Health & Wellness,CAMP_005_VAR_E,E,Get 20% Off Your First Order,New here? Use code FIRST20 at checkout. Limited time offer.,Claim Offer,2024-01-15,286,8,0,259.52,0.0
CAMP_005,Campaign 5 — Health & Wellness,Meta,Health & Wellness,CAMP_005_VAR_E,E,Get 20% Off Your First Order,New here? Use code FIRST20 at checkout. Limited time offer.,Claim Offer,2024-01-16,412,11,0,138.37,0.0
CAMP_005,Campaign 5 — Health & Wellness,Meta,Health & Wellness,CAMP_005_VAR_E,E,Get 20% Off Your First Order,New here? Use code FIRST20 at checkout. Limited time offer.,Claim Offer,2024-01-17,342,9,0,145.17,0.0
CAMP_005,Campaign 5 — Health & Wellness,Meta,Health & Wellness,CAMP_005_VAR_E,E,Get 20% Off Your First Order,New here? Use code FIRST20 at checkout. Limited time offer.,Claim Offer,2024-01-18,308,9,0,177.63,0.0
CAMP_005,Campaign 5 — Health & Wellness,Meta,Health & Wellness,CAMP_005_VAR_E,E,Get 20% Off Your First Order,New here? Use code FIRST20 at checkout. Limited time offer.,Claim Offer,2024-01-19,343,10,0,100.77,0.0
CAMP_005,Campaign 5 — Health & Wellness,Meta,Health & Wellness,CAMP_005_VAR_E,E,Get 20% Off Your First Order,New here? Use code FIRST20 at checkout. Limited time offer.,Claim Offer,2024-01-20,303,8,0,199.01,0.0
CAMP_005,Campaign 5 — Health & Wellness,Meta,Health & Wellness,CAMP_005_VAR_E,E,Get 20% Off Your First Order,New here? Use code FIRST20 at checkout. Limited time offer.,Claim Offer,2024-01-21,387,10,0,108.88,0.0
CAMP_005,Campaign 5 — Health & Wellness,Meta,Health & Wellness,CAMP_005_VAR_E,E,Get 20% Off Your First Order,New here? Use code FIRST20 at checkout. Limited time offer.,Claim Offer,2024-01-22,440,12,0,203.64,0.0
CAMP_005,Campaign 5 — Health & Wellness,Meta,Health & Wellness,CAMP_005_VAR_E,E,Get 20% Off Your First Order,New here? Use code FIRST20 at checkout. Limited time offer.,Claim Offer,2024-01-23,361,11,0,185.87,0.0
CAMP_005,Campaign 5 — Health & Wellness,Meta,Health & Wellness,CAMP_005_VAR_E,E,Get 20% Off Your First Order,New here? Use code FIRST20 at checkout. Limited time offer.,Claim Offer,2024-01-24,275,6,0,187.24,0.0
CAMP_005,Campaign 5 — Health & Wellness,Meta,Health & Wellness,CAMP_005_VAR_E,E,Get 20% Off Your First Order,New here? Use code FIRST20 at checkout. Limited time offer.,Claim Offer,2024-01-25,269,8,0,133.26,0.0
CAMP_005,Campaign 5 — Health & Wellness,Meta,Health & Wellness,CAMP_005_VAR_E,E,Get 20% Off Your First Order,New here? Use code FIRST20 at checkout. Limited time offer.,Claim Offer,2024-01-26,320,11,0,181.31,0.0
CAMP_005,Campaign 5 — Health & Wellness,Meta,Health & Wellness,CAMP_005_VAR_E,E,Get 20% Off Your First Order,New here? Use code FIRST20 at checkout. Limited time offer.,Claim Offer,2024-01-27,320,9,0,142.82,0.0
CAMP_005,Campaign 5 — Health & Wellness,Meta,Health & Wellness,CAMP_005_VAR_E,E,Get 20% Off Your First Order,New here? Use code FIRST20 at checkout. Limited time offer.,Claim Offer,2024-01-28,430,14,0,329.68,0.0
CAMP_005,Campaign 5 — Health & Wellness,Meta,Health & Wellness,CAMP_005_VAR_E,E,Get 20% Off Your First Order,New here? Use code FIRST20 at checkout. Limited time offer.,Claim Offer,2024-01-29,457,14,0,420.63,0.0
CAMP_005,Campaign 5 — Health & Wellness,Meta,Health & Wellness,CAMP_005_VAR_E,E,Get 20% Off Your First Order,New here? Use code FIRST20 at checkout. Limited time offer.,Claim Offer,2024-01-30,403,12,0,278.69,0.0
